{
      "AUC": [
            0.7095907330513,
            0.8253856897354126,
            0.8522392511367798,
            0.8649052381515503,
            0.8709394931793213,
            0.8759424090385437,
            0.8785980939865112,
            0.8801902532577515,
            0.881988525390625,
            0.8822895884513855,
            0.8824755549430847,
            0.8835415840148926,
            0.8850284218788147,
            0.8860464692115784,
            0.8860940933227539,
            0.8869695067405701,
            0.888968825340271,
            0.8885741233825684
      ],
      "accuracy": [
            0.6202283501625061,
            0.7365623712539673,
            0.7715293169021606,
            0.7840803861618042,
            0.7847151160240173,
            0.7872744798660278,
            0.790587306022644,
            0.7936380505561829,
            0.7913120985031128,
            0.7922866940498352,
            0.7965536713600159,
            0.7936012148857117,
            0.7968361973762512,
            0.791377604007721,
            0.7960213422775269,
            0.7999033331871033,
            0.8016560077667236,
            0.8036584258079529
      ],
      "f1": [
            0.06459997594356537,
            0.06459997594356537,
            0.06459997594356537,
            0.06459997594356537,
            0.06459997594356537,
            0.06459997594356537,
            0.06459997594356537,
            0.06459997594356537,
            0.06459997594356537,
            0.06459997594356537,
            0.06459997594356537,
            0.06459997594356537,
            0.06459997594356537,
            0.06459997594356537,
            0.06459997594356537,
            0.06459997594356537,
            0.06459997594356537,
            0.06459997594356537
      ],
      "loss": [
            0.6957922577857971,
            0.5218823552131653,
            0.4808487594127655,
            0.4614541828632355,
            0.4517100155353546,
            0.44326362013816833,
            0.4392179250717163,
            0.43623459339141846,
            0.43313199281692505,
            0.43248653411865234,
            0.4322863519191742,
            0.43008318543434143,
            0.4275830388069153,
            0.4260243773460388,
            0.4261209964752197,
            0.42444902658462524,
            0.42002591490745544,
            0.42169028520584106
      ],
      "precision": [
            0.05870998650789261,
            0.09157130867242813,
            0.10619936883449554,
            0.11251542717218399,
            0.11369486898183823,
            0.11560673266649246,
            0.1170402318239212,
            0.11884868890047073,
            0.11865101009607315,
            0.1189107894897461,
            0.1212264895439148,
            0.11974873393774033,
            0.12157277762889862,
            0.11922769248485565,
            0.12147698551416397,
            0.1228671446442604,
            0.12387727946043015,
            0.12565375864505768
      ],
      "recall": [
            0.6903447508811951,
            0.7726659178733826,
            0.788124144077301,
            0.7940130233764648,
            0.8019874691963196,
            0.8079990148544312,
            0.8059133887290955,
            0.8079990148544312,
            0.81707763671875,
            0.8148693442344666,
            0.8153600692749023,
            0.8162188529968262,
            0.81707763671875,
            0.8219850063323975,
            0.820144772529602,
            0.8136425018310547,
            0.813887894153595,
            0.819408655166626
      ],
      "val_AUC": [
            0.8087373971939087,
            0.8659901022911072,
            0.8828542828559875,
            0.8868762850761414,
            0.8857477903366089,
            0.8870915174484253,
            0.8891947269439697,
            0.8915106058120728,
            0.8914192318916321,
            0.889285683631897,
            0.8920412659645081,
            0.8909271359443665,
            0.892967700958252,
            0.885043740272522,
            0.892606258392334,
            0.892681360244751,
            0.8930186033248901,
            0.8947367072105408
      ],
      "val_accuracy": [
            0.3385365903377533,
            0.654991865158081,
            0.9346016049385071,
            0.9015935063362122,
            0.8873820900917053,
            0.8727154731750488,
            0.8886504173278809,
            0.8528780341148376,
            0.8520650267601013,
            0.8747642040252686,
            0.835317075252533,
            0.7961951494216919,
            0.8496585488319397,
            0.803024411201477,
            0.8211707472801208,
            0.8588942885398865,
            0.7823089361190796,
            0.7647154331207275
      ],
      "val_f1": [
            0.027645036578178406,
            0.027645036578178406,
            0.027645036578178406,
            0.027645036578178406,
            0.027645036578178406,
            0.027645036578178406,
            0.027645036578178406,
            0.027645036578178406,
            0.027645036578178406,
            0.027645036578178406,
            0.027645036578178406,
            0.027645036578178406,
            0.027645036578178406,
            0.027645036578178406,
            0.027645036578178406,
            0.027645036578178406,
            0.027645036578178406,
            0.027645036578178406
      ],
      "val_loss": [
            1.0257924795150757,
            0.6415925025939941,
            0.21338830888271332,
            0.25756409764289856,
            0.2647494673728943,
            0.29331180453300476,
            0.2542344629764557,
            0.30901604890823364,
            0.32349643111228943,
            0.2836832106113434,
            0.35317182540893555,
            0.4275561571121216,
            0.3337823748588562,
            0.3975573778152466,
            0.39423736929893494,
            0.3190237879753113,
            0.4391711354255676,
            0.4845114052295685
      ],
      "val_precision": [
            0.019547276198863983,
            0.03457106277346611,
            0.11835748702287674,
            0.08900855481624603,
            0.08533916622400284,
            0.07781818509101868,
            0.08648797869682312,
            0.07141361385583878,
            0.07122032344341278,
            0.07840237021446228,
            0.06562910228967667,
            0.05504726991057396,
            0.07031570374965668,
            0.054482102394104004,
            0.06143994629383087,
            0.07298950850963593,
            0.05219505354762077,
            0.04904559999704361
      ],
      "val_recall": [
            0.9396751523017883,
            0.8770301342010498,
            0.5684455037117004,
            0.6519721746444702,
            0.7238979339599609,
            0.7447795867919922,
            0.7262181043624878,
            0.7911832928657532,
            0.79350346326828,
            0.7378190159797668,
            0.8120649456977844,
            0.8375869989395142,
            0.7958236932754517,
            0.7981438636779785,
            0.8236659169197083,
            0.7749419808387756,
            0.8468677401542664,
            0.8584686517715454
      ]
}