{
      "AUC": [
            0.6347100138664246,
            0.7406159043312073,
            0.7860953211784363,
            0.8186895847320557,
            0.8388316631317139,
            0.8475363850593567,
            0.8568283915519714,
            0.860515296459198,
            0.8646588921546936,
            0.8677442073822021,
            0.8703770637512207,
            0.8737053275108337,
            0.87557452917099,
            0.8767073750495911,
            0.8790155053138733,
            0.8793836832046509,
            0.8815765976905823,
            0.8824194669723511,
            0.8830607533454895,
            0.8834730982780457,
            0.8853563666343689,
            0.8851027488708496,
            0.8856453895568848,
            0.887484610080719,
            0.8880180716514587,
            0.888414204120636,
            0.8873544931411743,
            0.8891201615333557,
            0.889685869216919,
            0.8903656601905823,
            0.8902812600135803,
            0.8908427953720093,
            0.8913202881813049,
            0.8922470808029175,
            0.8925724625587463,
            0.8934572339057922,
            0.8922050595283508,
            0.8932183384895325,
            0.8934323787689209,
            0.8946543335914612,
            0.8953327536582947,
            0.8953849077224731,
            0.8957157731056213,
            0.8961796164512634,
            0.8972151875495911,
            0.8964675068855286,
            0.8976561427116394,
            0.8975244760513306,
            0.8984583616256714,
            0.898833155632019
      ],
      "accuracy": [
            0.5488161444664001,
            0.6397490501403809,
            0.6865750551223755,
            0.7220047116279602,
            0.7452641725540161,
            0.7613041400909424,
            0.7689863443374634,
            0.7743425369262695,
            0.782401442527771,
            0.7816070318222046,
            0.7862712144851685,
            0.7880934476852417,
            0.7863285541534424,
            0.7882900238037109,
            0.7905586361885071,
            0.7907388210296631,
            0.7923972606658936,
            0.7918403744697571,
            0.7939738631248474,
            0.7907633781433105,
            0.7936134934425354,
            0.7940106987953186,
            0.792278528213501,
            0.7933759689331055,
            0.7946781516075134,
            0.7919796109199524,
            0.7925119400024414,
            0.79703688621521,
            0.7956159114837646,
            0.7927289605140686,
            0.7975323796272278,
            0.7944324612617493,
            0.7967870831489563,
            0.7990966439247131,
            0.7987076044082642,
            0.7929542064666748,
            0.7951695919036865,
            0.7934701442718506,
            0.795165479183197,
            0.7969427108764648,
            0.7979828119277954,
            0.7965004444122314,
            0.7936216592788696,
            0.7972457408905029,
            0.7978845238685608,
            0.7969591021537781,
            0.7923030853271484,
            0.7970532774925232,
            0.7992645502090454,
            0.7967952489852905
      ],
      "f1": [
            0.06459997594356537,
            0.06459997594356537,
            0.06459997594356537,
            0.06459997594356537,
            0.06459997594356537,
            0.06459997594356537,
            0.06459997594356537,
            0.06459997594356537,
            0.06459997594356537,
            0.06459997594356537,
            0.06459997594356537,
            0.06459997594356537,
            0.06459997594356537,
            0.06459997594356537,
            0.06459997594356537,
            0.06459997594356537,
            0.06459997594356537,
            0.06459997594356537,
            0.06459997594356537,
            0.06459997594356537,
            0.06459997594356537,
            0.06459997594356537,
            0.06459997594356537,
            0.06459997594356537,
            0.06459997594356537,
            0.06459997594356537,
            0.06459997594356537,
            0.06459997594356537,
            0.06459997594356537,
            0.06459997594356537,
            0.06459997594356537,
            0.06459997594356537,
            0.06459997594356537,
            0.06459997594356537,
            0.06459997594356537,
            0.06459997594356537,
            0.06459997594356537,
            0.06459997594356537,
            0.06459997594356537,
            0.06459997594356537,
            0.06459997594356537,
            0.06459997594356537,
            0.06459997594356537,
            0.06459997594356537,
            0.06459997594356537,
            0.06459997594356537,
            0.06459997594356537,
            0.06459997594356537,
            0.06459997594356537,
            0.06459997594356537
      ],
      "loss": [
            0.8128964304924011,
            0.645709216594696,
            0.578021764755249,
            0.5312729477882385,
            0.5011898875236511,
            0.4881785213947296,
            0.4742977023124695,
            0.4678933620452881,
            0.4619438648223877,
            0.45656320452690125,
            0.4524109661579132,
            0.44744813442230225,
            0.44428518414497375,
            0.4415084421634674,
            0.4381832480430603,
            0.4373093843460083,
            0.4334045350551605,
            0.43200695514678955,
            0.43100810050964355,
            0.4305917024612427,
            0.42699795961380005,
            0.4279710054397583,
            0.42633095383644104,
            0.4235305190086365,
            0.42203792929649353,
            0.42119255661964417,
            0.42319241166114807,
            0.42038801312446594,
            0.41925370693206787,
            0.4175097346305847,
            0.41799840331077576,
            0.4169589877128601,
            0.4161241054534912,
            0.4144335687160492,
            0.413851261138916,
            0.4116097688674927,
            0.4144672751426697,
            0.4123026132583618,
            0.41215506196022034,
            0.40963461995124817,
            0.4083266258239746,
            0.40823787450790405,
            0.4070606827735901,
            0.4063941240310669,
            0.4049430787563324,
            0.405963659286499,
            0.40357670187950134,
            0.40359172224998474,
            0.4022306501865387,
            0.4012826979160309
      ],