{
      "AUC": [
            0.8474331498146057,
            0.879798412322998,
            0.8871296048164368,
            0.8914852738380432,
            0.8947089314460754,
            0.8960837125778198,
            0.9001039266586304,
            0.9034726619720459,
            0.9071313738822937,
            0.9114012122154236,
            0.9167440533638,
            0.9218738675117493,
            0.9277264475822449,
            0.9344251155853271,
            0.9411190152168274,
            0.9449255466461182
      ],
      "accuracy": [
            0.7524139881134033,
            0.7924791574478149,
            0.7994160652160645,
            0.7991458177566528,
            0.8017256259918213,
            0.8013448119163513,
            0.8000548481941223,
            0.8035438060760498,
            0.8039287328720093,
            0.8027985095977783,
            0.8076019287109375,
            0.8091252446174622,
            0.8156157732009888,
            0.822736918926239,
            0.8314305543899536,
            0.8374747037887573
      ],
      "f1": [
            0.06459997594356537,
            0.06459997594356537,
            0.06459997594356537,
            0.06459997594356537,
            0.06459997594356537,
            0.06459997594356537,
            0.06459997594356537,
            0.06459997594356537,
            0.06459997594356537,
            0.06459997594356537,
            0.06459997594356537,
            0.06459997594356537,
            0.06459997594356537,
            0.06459997594356537,
            0.06459997594356537,
            0.06459997594356537
      ],
      "loss": [
            0.4905441701412201,
            0.43550774455070496,
            0.42296361923217773,
            0.4151760935783386,
            0.40850937366485596,
            0.4060857892036438,
            0.3973917067050934,
            0.39095401763916016,
            0.38244834542274475,
            0.3724813163280487,
            0.36065375804901123,
            0.34781745076179504,
            0.332695335149765,
            0.3141312301158905,
            0.29370829463005066,
            0.28371304273605347
      ],
      "precision": [
            0.09877584874629974,
            0.11812140792608261,
            0.12255500257015228,
            0.12371190637350082,
            0.12537214159965515,
            0.1254894733428955,
            0.12580953538417816,
            0.12839654088020325,
            0.12938432395458221,
            0.13023144006729126,
            0.1338374763727188,
            0.1361374408006668,
            0.14171621203422546,
            0.1482289880514145,
            0.15646201372146606,
            0.16166752576828003
      ],
      "recall": [
            0.7899644374847412,
            0.806894838809967,
            0.8132744431495667,
            0.8248067498207092,
            0.8266470432281494,
            0.8295914530754089,
            0.8389154672622681,
            0.8440682291984558,
            0.8508158326148987,
            0.8643110990524292,
            0.8706907033920288,
            0.882713794708252,
            0.8947368264198303,
            0.9082320928573608,
            0.9223408102989197,
            0.9244264364242554
      ],
      "val_AUC": [
            0.8771405220031738,
            0.8859173059463501,
            0.8847756385803223,
            0.8833640217781067,
            0.8873928785324097,
            0.8826813101768494,
            0.8853318691253662,
            0.8834527134895325,
            0.876909613609314,
            0.8801819086074829,
            0.8754777312278748,
            0.8726190328598022,
            0.8782383799552917,
            0.8614307045936584,
            0.873603880405426,
            0.8676802515983582
      ],
      "val_accuracy": [
            0.9239024519920349,
            0.7063739895820618,
            0.8526504039764404,
            0.6885853409767151,
            0.7895284295082092,
            0.7441300749778748,
            0.7496585249900818,
            0.7304065227508545,
            0.7231869697570801,
            0.7611382007598877,
            0.815154492855072,
            0.7865365743637085,
            0.7744715213775635,
            0.8115447163581848,
            0.7815284729003906,
            0.7488130331039429
      ],
      "val_f1": [
            0.027645036578178406,
            0.027645036578178406,
            0.027645036578178406,
            0.027645036578178406,
            0.027645036578178406,
            0.027645036578178406,
            0.027645036578178406,
            0.027645036578178406,
            0.027645036578178406,
            0.027645036578178406,
            0.027645036578178406,
            0.027645036578178406,
            0.027645036578178406,
            0.027645036578178406,
            0.027645036578178406,
            0.027645036578178406
      ],
      "val_loss": [
            0.26140743494033813,
            0.5954849123954773,
            0.34357526898384094,
            0.6517110466957092,
            0.45106950402259827,
            0.5006492137908936,
            0.4825180768966675,
            0.5011049509048462,
            0.5383033752441406,
            0.5005481243133545,
            0.3626381456851959,
            0.42599019408226013,
            0.4599613845348358,
            0.3542410135269165,
            0.4427093267440796,
            0.512951135635376
      ],
      "val_precision": [
            0.10377749800682068,
            0.040999360382556915,
            0.06986991316080093,
            0.03873701021075249,
            0.05298209190368652,
            0.04547121375799179,
            0.04666250944137573,
            0.04387695714831352,
            0.042256712913513184,
            0.04798640310764313,
            0.057902708649635315,
            0.050827596336603165,
            0.048834629356861115,
            0.053297802805900574,
            0.05047905072569847,
            0.0450405478477478
      ],
      "val_recall": [
            0.5800464153289795,
            0.8909512758255005,
            0.7726218104362488,
            0.8909512758255005,
            0.8306264281272888,
            0.8631090521812439,
            0.8677493929862976,
            0.8770301342010498,
            0.8654292225837708,
            0.8515081405639648,
            0.7981438636779785,
            0.8051044344902039,
            0.8167053461074829,
            0.7424594163894653,
            0.8190255165100098,
            0.8375869989395142
      ]
}