{
      "AUC": [
            0.8420617580413818,
            0.8876408934593201,
            0.904147744178772,
            0.9193123579025269,
            0.935883641242981,
            0.9471364617347717,
            0.9587985277175903,
            0.9685871005058289,
            0.975839376449585,
            0.9772689342498779,
            0.9820593595504761,
            0.9855917096138,
            0.9874400496482849,
            0.9882250428199768,
            0.9886766076087952,
            0.9913424849510193
      ],
      "accuracy": [
            0.7008214592933655,
            0.7929500937461853,
            0.8120326399803162,
            0.8247680068016052,
            0.8411028385162354,
            0.8563320636749268,
            0.8742557168006897,
            0.892629861831665,
            0.9077812433242798,
            0.9124945998191833,
            0.9232889413833618,
            0.9324452877044678,
            0.937592625617981,
            0.9411716461181641,
            0.9422199726104736,
            0.9500290751457214
      ],
      "f1": [
            0.06459997594356537,
            0.06459997594356537,
            0.06459997594356537,
            0.06459997594356537,
            0.06459997594356537,
            0.06459997594356537,
            0.06459997594356537,
            0.06459997594356537,
            0.06459997594356537,
            0.06459997594356537,
            0.06459997594356537,
            0.06459997594356537,
            0.06459997594356537,
            0.06459997594356537,
            0.06459997594356537,
            0.06459997594356537
      ],
      "loss": [
            0.5095629692077637,
            0.4258728325366974,
            0.3926966190338135,
            0.36032602190971375,
            0.32049837708473206,
            0.2884140610694885,
            0.2514142096042633,
            0.21531181037425995,
            0.18659178912639618,
            0.17944581806659698,
            0.15747866034507751,
            0.13884977996349335,
            0.12873387336730957,
            0.12390714883804321,
            0.12281051278114319,
            0.10482373833656311
      ],
      "precision": [
            0.08515588194131851,
            0.12052397429943085,
            0.13360638916492462,
            0.14455457031726837,
            0.161154106259346,
            0.17804288864135742,
            0.2012925148010254,
            0.23062703013420105,
            0.26068419218063354,
            0.270823210477829,
            0.299081027507782,
            0.32743361592292786,
            0.34561610221862793,
            0.3592936396598816,
            0.36326923966407776,
            0.3988921046257019
      ],
      "recall": [
            0.8173230290412903,
            0.8262789845466614,
            0.8444362878799438,
            0.8641884326934814,
            0.8942461013793945,
            0.9136302471160889,
            0.9324009418487549,
            0.9489633440971375,
            0.960127592086792,
            0.958164632320404,
            0.9662618041038513,
            0.9714145660400391,
            0.9735001921653748,
            0.9735001921653748,
            0.9711691737174988,
            0.9806158542633057
      ],
      "val_AUC": [
            0.8516308069229126,
            0.879039466381073,
            0.8821762204170227,
            0.8743020296096802,
            0.8697376847267151,
            0.8635101914405823,
            0.8611913919448853,
            0.8700226545333862,
            0.8470092415809631,
            0.8453380465507507,
            0.8623844385147095,
            0.8514601588249207,
            0.8212534189224243,
            0.8249098062515259,
            0.8226732015609741,
            0.8175180554389954
      ],
      "val_accuracy": [
            0.9606829285621643,
            0.7753170728683472,
            0.7195772528648376,
            0.7446504235267639,
            0.7766178846359253,
            0.7999024391174316,
            0.7700162529945374,
            0.8088455200195312,
            0.8441951274871826,
            0.8345690965652466,
            0.891674816608429,
            0.8747642040252686,
            0.8868942856788635,
            0.8951544761657715,
            0.8950894474983215,
            0.8799349665641785
      ],
      "val_f1": [
            0.027645036578178406,
            0.027645036578178406,
            0.027645036578178406,
            0.027645036578178406,
            0.027645036578178406,
            0.027645036578178406,
            0.027645036578178406,
            0.027645036578178406,
            0.027645036578178406,
            0.027645036578178406,
            0.027645036578178406,
            0.027645036578178406,
            0.027645036578178406,
            0.027645036578178406,
            0.027645036578178406,
            0.027645036578178406
      ],
      "val_loss": [
            0.24411477148532867,
            0.48271510004997253,
            0.5911083221435547,
            0.5299450755119324,
            0.5117810368537903,
            0.43238565325737,
            0.5075855851173401,
            0.48561131954193115,
            0.3793511688709259,
            0.40324121713638306,
            0.287234902381897,
            0.32870230078697205,
            0.30867800116539,
            0.2851366698741913,
            0.29176443815231323,
            0.3475969135761261
      ],
      "val_precision": [
            0.14507299661636353,
            0.04988882690668106,
            0.042039357125759125,
            0.04500306397676468,
            0.04941209405660629,
            0.05310840532183647,
            0.046936824917793274,
            0.054765406996011734,
            0.060129135847091675,
            0.05707762390375137,
            0.08116695284843445,
            0.07207207381725311,
            0.0714486613869667,
            0.07332722097635269,
            0.07535703480243683,
            0.06830818206071854
      ],
      "val_recall": [
            0.3689095079898834,
            0.8329466581344604,
            0.8723897933959961,
            0.8515081405639648,
            0.8190255165100098,
            0.7888631224632263,
            0.7981438636779785,
            0.7772621512413025,
            0.6914153099060059,
            0.6960557103157043,
            0.6519721746444702,
            0.6682134866714478,
            0.5893271565437317,
            0.5568445324897766,
            0.575406014919281,
            0.5986078977584839
      ]
}