{
      "AUC": [
            0.7940729856491089,
            0.8598276376724243,
            0.87396240234375,
            0.87944495677948,
            0.8818767666816711,
            0.8840301632881165,
            0.8852843642234802,
            0.8859999775886536,
            0.8873710632324219,
            0.8867933750152588,
            0.8891870379447937,
            0.8898249864578247,
            0.8913103342056274,
            0.8922159075737,
            0.8928266167640686,
            0.8936015963554382
      ],
      "accuracy": [
            0.6888272762298584,
            0.7720493674278259,
            0.7821557521820068,
            0.7935356497764587,
            0.796295702457428,
            0.794301450252533,
            0.7965741753578186,
            0.7946290373802185,
            0.7966027855873108,
            0.7996822595596313,
            0.7988960146903992,
            0.7986052632331848,
            0.799411952495575,
            0.8009434938430786,
            0.7994570136070251,
            0.8019794821739197
      ],
      "f1": [
            0.06459997594356537,
            0.06459997594356537,
            0.06459997594356537,
            0.06459997594356537,
            0.06459997594356537,
            0.06459997594356537,
            0.06459997594356537,
            0.06459997594356537,
            0.06459997594356537,
            0.06459997594356537,
            0.06459997594356537,
            0.06459997594356537,
            0.06459997594356537,
            0.06459997594356537,
            0.06459997594356537,
            0.06459997594356537
      ],
      "loss": [
            0.5756661891937256,
            0.4698757231235504,
            0.44654548168182373,
            0.43737542629241943,
            0.43330490589141846,
            0.42843469977378845,
            0.427054762840271,
            0.4258039593696594,
            0.42317745089530945,
            0.42444902658462524,
            0.4200092852115631,
            0.4186030328273773,
            0.41568708419799805,
            0.4138047397136688,
            0.41295090317726135,
            0.4116564095020294
      ],
      "precision": [
            0.07716472446918488,
            0.10715171694755554,
            0.11333710700273514,
            0.11857493221759796,
            0.12057578563690186,
            0.11974770575761795,
            0.121320441365242,
            0.12029218673706055,
            0.12181881070137024,
            0.12307919561862946,
            0.12317147105932236,
            0.12291375547647476,
            0.12401244789361954,
            0.12435704469680786,
            0.12418986856937408,
            0.125656396150589
      ],
      "recall": [
            0.7594160437583923,
            0.7949944734573364,
            0.8099619746208191,
            0.8060360550880432,
            0.8108207583427429,
            0.8129063844680786,
            0.8160961866378784,
            0.8162188529968262,
            0.8203901648521423,
            0.8165869116783142,
            0.8212489485740662,
            0.8203901648521423,
            0.8261563181877136,
            0.8216170072555542,
            0.8275058269500732,
            0.8278738856315613
      ],
      "val_AUC": [
            0.866727888584137,
            0.8833189010620117,
            0.8897419571876526,
            0.8891259431838989,
            0.8920156359672546,
            0.8907860517501831,
            0.8904603123664856,
            0.890703022480011,
            0.888607382774353,
            0.888623058795929,
            0.887770414352417,
            0.8922829627990723,
            0.8881971836090088,
            0.8898844718933105,
            0.8902335166931152,
            0.8928638696670532
      ],
      "val_accuracy": [
            0.9757072925567627,
            0.8879024386405945,
            0.8549593687057495,
            0.846439003944397,
            0.8782764077186584,
            0.8373008370399475,
            0.7331382036209106,
            0.8082601428031921,
            0.7975284457206726,
            0.7289755940437317,
            0.8499837517738342,
            0.7903414368629456,
            0.770926833152771,
            0.757365882396698,
            0.79417884349823,
            0.8349918723106384
      ],
      "val_f1": [
            0.027645036578178406,
            0.027645036578178406,
            0.027645036578178406,
            0.027645036578178406,
            0.027645036578178406,
            0.027645036578178406,
            0.027645036578178406,
            0.027645036578178406,
            0.027645036578178406,
            0.027645036578178406,
            0.027645036578178406,
            0.027645036578178406,
            0.027645036578178406,
            0.027645036578178406,
            0.027645036578178406,
            0.027645036578178406
      ],
      "val_loss": [
            0.13253241777420044,
            0.27132174372673035,
            0.3212036192417145,
            0.3332202732563019,
            0.2982107996940613,
            0.349736750125885,
            0.5023685097694397,
            0.38672521710395813,
            0.4241425693035126,
            0.5228229761123657,
            0.33978286385536194,
            0.44268089532852173,
            0.469590961933136,
            0.4796871542930603,
            0.4170568883419037,
            0.37328100204467773
      ],
      "val_precision": [
            0.21684588491916656,
            0.08457300066947937,
            0.07292770594358444,
            0.0680491253733635,
            0.07990867644548416,
            0.06539923697710037,
            0.044202134013175964,
            0.05748987942934036,
            0.05484713613986969,
            0.04312637448310852,
            0.0695759579539299,
            0.053841590881347656,
            0.04995236173272133,
            0.0473860427737236,
            0.05480072647333145,
            0.06518074870109558
      ],
      "val_recall": [
            0.28074246644973755,
            0.7122969627380371,
            0.7981438636779785,
            0.7842227220535278,
            0.7308584451675415,
            0.7981438636779785,
            0.874709963798523,
            0.8236659169197083,
            0.828306257724762,
            0.8654292225837708,
            0.7842227220535278,
            0.8422273993492126,
            0.8515081405639648,
            0.8538283109664917,
            0.8422273993492126,
            0.8074246048927307
      ]
}