{
      "AUC": [
            0.722118616104126,
            0.8082417845726013,
            0.8367648720741272,
            0.8519155383110046,
            0.8601909875869751,
            0.8665633797645569,
            0.8720071911811829,
            0.874788224697113,
            0.8782685995101929,
            0.8799763321876526,
            0.8834421634674072,
            0.8836297988891602,
            0.8859070539474487,
            0.8848996162414551,
            0.887529730796814,
            0.8877707123756409
      ],
      "accuracy": [
            0.6066616773605347,
            0.715776264667511,
            0.7562509775161743,
            0.7682574391365051,
            0.7793261408805847,
            0.784367024898529,
            0.7865005135536194,
            0.7918567657470703,
            0.7935684323310852,
            0.7941663265228271,
            0.7940720915794373,
            0.7968034744262695,
            0.7934906482696533,
            0.7961236834526062,
            0.7977084517478943,
            0.7950549125671387
      ],
      "f1": [
            0.06459997594356537,
            0.06459997594356537,
            0.06459997594356537,
            0.06459997594356537,
            0.06459997594356537,
            0.06459997594356537,
            0.06459997594356537,
            0.06459997594356537,
            0.06459997594356537,
            0.06459997594356537,
            0.06459997594356537,
            0.06459997594356537,
            0.06459997594356537,
            0.06459997594356537,
            0.06459997594356537,
            0.06459997594356537
      ],
      "loss": [
            0.6857941746711731,
            0.5539003014564514,
            0.5092431306838989,
            0.48255130648612976,
            0.46900442242622375,
            0.459431529045105,
            0.45005810260772705,
            0.4449368715286255,
            0.43936988711357117,
            0.4367198348045349,
            0.43066510558128357,
            0.4301881194114685,
            0.42537254095077515,
            0.4278513789176941,
            0.4231567680835724,
            0.4224233031272888
      ],
      "precision": [
            0.05879518389701843,
            0.08355201780796051,
            0.09791336953639984,
            0.10419492423534393,
            0.10919716954231262,
            0.11292202025651932,
            0.11487409472465515,
            0.11705907434225082,
            0.11857828497886658,
            0.11909843981266022,
            0.11932423710823059,
            0.12076596915721893,
            0.1197042465209961,
            0.12103614956140518,
            0.12199190258979797,
            0.12135562300682068
      ],
      "recall": [
            0.718562126159668,
            0.7538952231407166,
            0.7673904895782471,
            0.782235324382782,
            0.7839528918266296,
            0.7964667081832886,
            0.8048092126846313,
            0.8002699017524719,
            0.8059133887290955,
            0.8077536225318909,
            0.8102073073387146,
            0.8100846409797668,
            0.8163415789604187,
            0.8157281279563904,
            0.8165869116783142,
            0.8237026333808899
      ],
      "val_AUC": [
            0.8383092880249023,
            0.874347448348999,
            0.8810584545135498,
            0.8842528462409973,
            0.8842197060585022,
            0.8868314623832703,
            0.8858788013458252,
            0.8876818418502808,
            0.8870043754577637,
            0.8913688659667969,
            0.8888077735900879,
            0.888039767742157,
            0.8927340507507324,
            0.8904517292976379,
            0.8875073194503784,
            0.8897360563278198
      ],
      "val_accuracy": [
            0.9502438902854919,
            0.5855935215950012,
            0.7682601809501648,
            0.7459837198257446,
            0.7536259889602661,
            0.742569088935852,
            0.7881625890731812,
            0.8091707229614258,
            0.8240325450897217,
            0.8136585354804993,
            0.8242276310920715,
            0.7651707530021667,
            0.8427967429161072,
            0.7469268441200256,
            0.7468942999839783,
            0.7863414883613586
      ],
      "val_f1": [
            0.027645036578178406,
            0.027645036578178406,
            0.027645036578178406,
            0.027645036578178406,
            0.027645036578178406,
            0.027645036578178406,
            0.027645036578178406,
            0.027645036578178406,
            0.027645036578178406,
            0.027645036578178406,
            0.027645036578178406,
            0.027645036578178406,
            0.027645036578178406,
            0.027645036578178406,
            0.027645036578178406,
            0.027645036578178406
      ],
      "val_loss": [
            0.3106337785720825,
            0.82521653175354,
            0.5099824666976929,
            0.5389828085899353,
            0.49246135354042053,
            0.5174689292907715,
            0.45159780979156494,
            0.41021910309791565,
            0.37336626648902893,
            0.39220690727233887,
            0.3619709312915802,
            0.46334153413772583,
            0.3489580452442169,
            0.49972715973854065,
            0.4716494679450989,
            0.412765771150589
      ],
      "val_precision": [
            0.11492642015218735,
            0.03007633611559868,
            0.04988570511341095,
            0.04601377993822098,
            0.04692453891038895,
            0.04553734138607979,
            0.053180549293756485,
            0.05818299949169159,
            0.0613107830286026,
            0.05937136337161064,
            0.06230200454592705,
            0.049017004668712616,
            0.06723019480705261,
            0.04595429450273514,
            0.04572417214512825,
            0.05274661257863045
      ],
      "val_recall": [
            0.38051044940948486,
            0.9141531586647034,
            0.860788881778717,
            0.8677493929862976,
            0.8584686517715454,
            0.8700696229934692,
            0.839907169342041,
            0.8306264281272888,
            0.8074246048927307,
            0.828306257724762,
            0.8213456869125366,
            0.8561484813690186,
            0.79350346326828,
            0.8631090521812439,
            0.8584686517715454,
            0.839907169342041
      ]
}