{
      "AUC": [
            0.8664654493331909,
            0.8851764798164368,
            0.8944045901298523,
            0.9046522974967957,
            0.9116089344024658,
            0.9190534353256226,
            0.9266253113746643,
            0.9319292306900024,
            0.9375302195549011,
            0.9426672458648682,
            0.9461767673492432,
            0.9499463438987732,
            0.9536365866661072,
            0.9556881189346313,
            0.9583557844161987,
            0.9604158997535706,
            0.9630733728408813,
            0.9640269875526428,
            0.9662439227104187,
            0.9675096273422241,
            0.9688306450843811,
            0.9699649214744568,
            0.9715247750282288,
            0.9718010425567627,
            0.9730774164199829,
            0.9740943908691406,
            0.9747462272644043,
            0.9755153656005859,
            0.9769768714904785,
            0.9769627451896667,
            0.9780033826828003,
            0.9788061380386353,
            0.9789268374443054,
            0.9797112345695496,
            0.9807628393173218,
            0.980571448802948,
            0.9814248085021973,
            0.9818163514137268,
            0.9819114804267883,
            0.9826364517211914,
            0.9824697375297546,
            0.9830781817436218,
            0.9838307499885559,
            0.9847725629806519,
            0.9843772649765015
      ],
      "accuracy": [
            0.774604320526123,
            0.7972548007965088,
            0.7977914214134216,
            0.8069823384284973,
            0.813498318195343,
            0.8183721899986267,
            0.8274743556976318,
            0.8335021138191223,
            0.8398566842079163,
            0.8453841805458069,
            0.8517548441886902,
            0.8571451902389526,
            0.862604022026062,
            0.8668242692947388,
            0.8716900944709778,
            0.8749944567680359,
            0.8802354335784912,
            0.8820066452026367,
            0.8869531750679016,
            0.8885871767997742,
            0.8919722437858582,
            0.8943567276000977,
            0.8983873724937439,
            0.8989723920822144,
            0.9020951986312866,
            0.9044837355613708,
            0.9048427939414978,
            0.9076347947120667,
            0.9112296104431152,
            0.9121858477592468,
            0.9133195877075195,
            0.9159743785858154,
            0.9167046546936035,
            0.9188752770423889,
            0.9200332164764404,
            0.921029806137085,
            0.9228252172470093,
            0.9236079454421997,
            0.9247497320175171,
            0.9260287284851074,
            0.9255849123001099,
            0.9273843765258789,
            0.9286149740219116,
            0.9311608076095581,
            0.9308743476867676
      ],
      "f1": [
            0.09090522676706314,
            0.09090522676706314,
            0.09090522676706314,
            0.09090522676706314,
            0.09090522676706314,
            0.09090522676706314,
            0.09090522676706314,
            0.09090522676706314,
            0.09090522676706314,
            0.09090522676706314,
            0.09090522676706314,
            0.09090627729892731,
            0.09091293066740036,
            0.09092063456773758,
            0.09094306081533432,
            0.09095601737499237,
            0.0909784585237503,
            0.09101494401693344,
            0.09116891771554947,
            0.09113652259111404,
            0.09123411029577255,
            0.0913124606013298,
            0.09130257368087769,
            0.09136336296796799,
            0.09139696508646011,
            0.0915735512971878,
            0.09173226356506348,
            0.0918976366519928,
            0.09190728515386581,
            0.09196816384792328,
            0.09192339330911636,
            0.0920790284872055,
            0.09223013371229172,
            0.09249179065227509,
            0.09264134615659714,
            0.09287025034427643,
            0.09298330545425415,
            0.09327615797519684,
            0.0936068519949913,
            0.09365922957658768,
            0.09358273446559906,
            0.09324926137924194,
            0.09360276162624359,
            0.0940709337592125,
            0.09420421719551086
      ],
      "loss": [
            0.4582696557044983,
            0.42630380392074585,
            0.40919291973114014,
            0.3889574408531189,
            0.3740670680999756,
            0.35694339871406555,
            0.33850088715553284,
            0.3249126076698303,
            0.30938735604286194,
            0.2947466969490051,
            0.283354789018631,
            0.27361077070236206,
            0.2600034475326538,
            0.25242775678634644,
            0.24396046996116638,
            0.23745498061180115,
            0.22686424851417542,
            0.2231951206922531,
            0.2151779681444168,
            0.21126851439476013,
            0.20554308593273163,
            0.2013242095708847,
            0.19529254734516144,
            0.19422073662281036,
            0.1894366592168808,
            0.18537728488445282,
            0.18313957750797272,
            0.17949596047401428,
            0.1732567399740219,
            0.17411936819553375,
            0.16854196786880493,
            0.16395989060401917,
            0.16480791568756104,
            0.16037991642951965,
            0.15506649017333984,
            0.1579350084066391,
            0.15250158309936523,
            0.15207147598266602,
            0.1503174602985382,
            0.14802061021327972,
            0.14860256016254425,
            0.1458338052034378,
            0.14283113181591034,
            0.1365671306848526,
            0.13939902186393738
      ],
      "precision": [
            0.15017704665660858,
            0.16690635681152344,
            0.16957572102546692,
            0.1785077005624771,
            0.18534159660339355,
            0.1912587583065033,
            0.2010236531496048,
            0.20867690443992615,
            0.2166111171245575,
            0.22406043112277985,
            0.23211102187633514,
            0.23985540866851807,
            0.2481095790863037,
            0.254821240901947,
            0.26251542568206787,
            0.26807090640068054,
            0.2772989869117737,
            0.28057461977005005,
            0.2898971438407898,
            0.2931341230869293,
            0.3001841604709625,
            0.3051219582557678,
            0.3138302266597748,
            0.3151427209377289,
            0.3222171366214752,
            0.3278721868991852,
            0.328959196805954,
            0.33552807569503784,
            0.3450036346912384,
            0.347403883934021,
            0.35073384642601013,
            0.35809534788131714,
            0.3600658178329468,
            0.3665434718132019,
            0.37015804648399353,
            0.3729190528392792,
            0.37869253754615784,
            0.3809269368648529,
            0.38459983468055725,
            0.38883593678474426,
            0.3874008357524872,
            0.3933636248111725,
            0.39770081639289856,
            0.40664488077163696,
            0.40557581186294556
      ],