{
      "AUC": [
            0.8403869271278381,
            0.8687529563903809,
            0.8758447766304016,
            0.8824337720870972,
            0.889543890953064,
            0.8953976631164551,
            0.902557373046875,
            0.9096003770828247,
            0.9157339334487915,
            0.9203768372535706,
            0.9266740083694458,
            0.9319515824317932,
            0.9378318786621094
      ],
      "accuracy": [
            0.9665440917015076,
            0.9671050906181335,
            0.9673344492912292,
            0.9674736261367798,
            0.9675432443618774,
            0.9677357077598572,
            0.9679937362670898,
            0.9681124687194824,
            0.9682517051696777,
            0.9687144160270691,
            0.9690583944320679,
            0.9693245887756348,
            0.9699797630310059
      ],
      "f1": [
            0.06459997594356537,
            0.06459997594356537,
            0.06459997594356537,
            0.06459997594356537,
            0.06459997594356537,
            0.06459997594356537,
            0.06459997594356537,
            0.06459997594356537,
            0.06459997594356537,
            0.06460049003362656,
            0.06460228562355042,
            0.06461303681135178,
            0.06463250517845154
      ],
      "loss": [
            0.11685659736394882,
            0.10889196395874023,
            0.10712478309869766,
            0.10526194423437119,
            0.1032152995467186,
            0.10157308727502823,
            0.09933273494243622,
            0.09716001152992249,
            0.09486498683691025,
            0.09286311268806458,
            0.09041320532560349,
            0.08788421750068665,
            0.08496227860450745
      ],
      "precision": [
            0.4887307286262512,
            0.5622363090515137,
            0.5854616761207581,
            0.5979284644126892,
            0.5887924432754517,
            0.60429447889328,
            0.6146475076675415,
            0.6191099286079407,
            0.6158323884010315,
            0.6399999856948853,
            0.6459048390388489,
            0.6460176706314087,
            0.6602814793586731
      ],
      "recall": [
            0.05054594576358795,
            0.06539075076580048,
            0.0731198638677597,
            0.07790455222129822,
            0.09152251482009888,
            0.09667525440454483,
            0.11017052829265594,
            0.11605937778949738,
            0.12980002164840698,
            0.1432953029870987,
            0.16157527267932892,
            0.17911912500858307,
            0.20721383392810822
      ],
      "val_AUC": [
            0.8739193677902222,
            0.880230724811554,
            0.8780572414398193,
            0.8767451047897339,
            0.8743910789489746,
            0.8793772459030151,
            0.8711692094802856,
            0.8755254745483398,
            0.8680514097213745,
            0.8612094521522522,
            0.8600123524665833,
            0.8495289087295532,
            0.8510141968727112
      ],
      "val_accuracy": [
            0.9849105477333069,
            0.9851382374763489,
            0.9856585264205933,
            0.9849105477333069,
            0.9849430918693542,
            0.9809756278991699,
            0.984000027179718,
            0.9834471344947815,
            0.9821138381958008,
            0.9827316999435425,
            0.9825690984725952,
            0.9828618168830872,
            0.9779186844825745
      ],
      "val_f1": [
            0.027645036578178406,
            0.027645036578178406,
            0.027645036578178406,
            0.027645036578178406,
            0.027645036578178406,
            0.027645036578178406,
            0.027645036578178406,
            0.027645036578178406,
            0.027647698298096657,
            0.027652129530906677,
            0.027684103697538376,
            0.02768499217927456,
            0.027764352038502693
      ],
      "val_loss": [
            0.06481494754552841,
            0.0638512372970581,
            0.061739370226860046,
            0.06335614621639252,
            0.061839759349823,
            0.07259128242731094,
            0.0660587027668953,
            0.06477190554141998,
            0.06984780728816986,
            0.06750351935625076,
            0.07065865397453308,
            0.06920477002859116,
            0.07684607058763504
      ],
      "val_precision": [
            0.33980581164360046,
            0.37962964177131653,
            0.44186046719551086,
            0.3720930218696594,
            0.3769230842590332,
            0.2761628031730652,
            0.31736525893211365,
            0.3258928656578064,
            0.3049180209636688,
            0.31617647409439087,
            0.29885056614875793,
            0.27981650829315186,
            0.2033492773771286
      ],
      "val_recall": [
            0.08120649307966232,
            0.09512761235237122,
            0.08816705644130707,
            0.11136890947818756,
            0.11368909478187561,
            0.22041763365268707,
            0.12296983599662781,
            0.16937355697155,
            0.21577726304531097,
            0.19953596591949463,
            0.18097448348999023,
            0.1415313184261322,
            0.19721578061580658
      ]
}