{
      "AUC": [
            0.7859346270561218,
            0.8525710105895996,
            0.8626559972763062,
            0.8673699498176575,
            0.8704336881637573,
            0.8740608096122742,
            0.8752267360687256,
            0.8771380186080933,
            0.8783296346664429,
            0.8794866800308228,
            0.882084846496582,
            0.8830089569091797,
            0.8845776319503784,
            0.8854225873947144,
            0.8867562413215637,
            0.8877724409103394,
            0.8889515399932861,
            0.8894115686416626,
            0.8909858465194702,
            0.8911595940589905,
            0.8916373252868652,
            0.8928401470184326,
            0.8928965330123901,
            0.8947340846061707,
            0.8941318988800049,
            0.8953666687011719,
            0.8952165246009827,
            0.8962509632110596,
            0.8966599702835083,
            0.8975027799606323,
            0.8987332582473755
      ],
      "accuracy": [
            0.704780638217926,
            0.770747184753418,
            0.7772107124328613,
            0.7788487672805786,
            0.7793853878974915,
            0.7860344648361206,
            0.7869624495506287,
            0.7906299233436584,
            0.7943498492240906,
            0.7941965460777283,
            0.7938132882118225,
            0.7986064553260803,
            0.7995626330375671,
            0.7954230904579163,
            0.795386791229248,
            0.7979649305343628,
            0.7960525155067444,
            0.793647825717926,
            0.7987880110740662,
            0.7968634366989136,
            0.7958104014396667,
            0.7946524620056152,
            0.7967545390129089,
            0.8024716377258301,
            0.7998289465904236,
            0.8033592700958252,
            0.8028509020805359,
            0.8019874691963196,
            0.8023102283477783,
            0.8022819757461548,
            0.8038353323936462
      ],
      "f1": [
            0.09090522676706314,
            0.09090522676706314,
            0.09090522676706314,
            0.09090522676706314,
            0.09090522676706314,
            0.09090522676706314,
            0.09090522676706314,
            0.09090522676706314,
            0.09090522676706314,
            0.09090522676706314,
            0.09090522676706314,
            0.09090522676706314,
            0.09090522676706314,
            0.09090522676706314,
            0.09090522676706314,
            0.09090522676706314,
            0.09090522676706314,
            0.09090522676706314,
            0.09090522676706314,
            0.09090522676706314,
            0.09090522676706314,
            0.09090522676706314,
            0.09090522676706314,
            0.09090522676706314,
            0.09090522676706314,
            0.09090522676706314,
            0.09090522676706314,
            0.09090522676706314,
            0.09090522676706314,
            0.09090522676706314,
            0.09090522676706314
      ],
      "loss": [
            0.5676689147949219,
            0.480101615190506,
            0.4644860327243805,
            0.4568540155887604,
            0.45202377438545227,
            0.4454411566257477,
            0.44432857632637024,
            0.4404020309448242,
            0.43811821937561035,
            0.4365130066871643,
            0.4319606125354767,
            0.43025463819503784,
            0.4275670647621155,
            0.426377534866333,
            0.42354342341423035,
            0.4215884208679199,
            0.4190654754638672,
            0.41867345571517944,
            0.41577965021133423,
            0.4151384234428406,
            0.41456982493400574,
            0.4118945300579071,
            0.4117763638496399,
            0.4080800414085388,
            0.4091419577598572,
            0.40781939029693604,
            0.40729478001594543,
            0.4055269658565521,
            0.4043944478034973,
            0.403159499168396,
            0.4005622863769531
      ],
      "precision": [
            0.10873086005449295,
            0.14673802256584167,
            0.15190096199512482,
            0.15409113466739655,
            0.15456625819206238,
            0.15847718715667725,
            0.15936659276485443,
            0.16245979070663452,
            0.16463173925876617,
            0.16434086859226227,
            0.16497886180877686,
            0.167811319231987,
            0.16887839138507843,
            0.16632644832134247,
            0.16722539067268372,
            0.1688212752342224,
            0.16824494302272797,
            0.16715453565120697,
            0.17064350843429565,
            0.16876912117004395,
            0.16879747807979584,
            0.16814368963241577,
            0.16997210681438446,
            0.17381837964057922,
            0.17195606231689453,
            0.1742512434720993,
            0.17410573363304138,
            0.17351014912128448,
            0.1736162304878235,
            0.17396105825901031,
            0.17545220255851746
      ],
      "recall": [
            0.7225046753883362,
            0.7922385931015015,
            0.8026605844497681,
            0.8117268085479736,
            0.8128283619880676,
            0.8105405569076538,
            0.8126588463783264,
            0.8174885511398315,
            0.8146076798439026,
            0.8132519721984863,
            0.819945752620697,
            0.8157091736793518,
            0.8184205889701843,
            0.8215556740760803,
            0.8284189105033875,
            0.8265548348426819,
            0.8324860334396362,
            0.8370615243911743,
            0.8356210589408875,
            0.8320623636245728,
            0.8379088044166565,
            0.8391798138618469,
            0.8416370153427124,
            0.838840901851654,
            0.8396881818771362,
            0.8370615243911743,
            0.838840901851654,
            0.8392645120620728,
            0.8382477760314941,
            0.8409591317176819,
            0.8432469367980957
      ],
      "val_AUC": [
            0.8761687874794006,
            0.8795509338378906,
            0.8788110017776489,
            0.8817996382713318,
            0.8817030787467957,
            0.8815298080444336,
            0.8834693431854248,
            0.8830537796020508,
            0.8837924599647522,
            0.8840236067771912,
            0.8833527565002441,
            0.8827213048934937,
            0.882957398891449,
            0.8829662203788757,
            0.883540153503418,
            0.8811646103858948,
            0.8826302886009216,
            0.8815789818763733,
            0.8804047107696533,
            0.8805476427078247,
            0.8799156546592712,
            0.8810729384422302,
            0.8815317153930664,
            0.880493700504303,
            0.8811414837837219,
            0.8805373311042786,
            0.8815931677818298,
            0.880482017993927,
            0.8797076940536499,
            0.8777440786361694,
            0.8777883648872375
      ],