{
      "AUC": [
            0.8625273704528809,
            0.8877081274986267,
            0.8976999521255493,
            0.9061452150344849,
            0.9134008288383484,
            0.9179280996322632,
            0.9244107007980347,
            0.9300869107246399,
            0.9345873594284058,
            0.9396248459815979,
            0.9439754486083984,
            0.9471712112426758,
            0.9502249360084534,
            0.9531493782997131,
            0.9554272890090942,
            0.9582540392875671,
            0.9603375792503357,
            0.9624232053756714,
            0.9643729329109192,
            0.9652880430221558,
            0.9674473404884338,
            0.9680091738700867,
            0.9694437384605408,
            0.9702532887458801,
            0.9716437458992004,
            0.9727518558502197,
            0.9733130931854248,
            0.9745492339134216,
            0.9752663969993591,
            0.9757572412490845,
            0.9768368005752563,
            0.977312445640564,
            0.9780871868133545,
            0.9785610437393188,
            0.9795626401901245,
            0.9799341559410095
      ],
      "accuracy": [
            0.7877330780029297,
            0.8083178400993347,
            0.8189330101013184,
            0.8204823136329651,
            0.8263688683509827,
            0.8296732306480408,
            0.8334617614746094,
            0.8377748131752014,
            0.840175449848175,
            0.8447063565254211,
            0.8495398759841919,
            0.8522995710372925,
            0.8555514812469482,
            0.8590939044952393,
            0.861474335193634,
            0.8668242692947388,
            0.8695920705795288,
            0.873784065246582,
            0.8768302202224731,
            0.8804250955581665,
            0.8837093114852905,
            0.8839634656906128,
            0.887126624584198,
            0.8890148401260376,
            0.8926742672920227,
            0.8946835398674011,
            0.8963054418563843,
            0.899496853351593,
            0.9025591611862183,
            0.903079628944397,
            0.9052785038948059,
            0.906303346157074,
            0.9085667729377747,
            0.9087120294570923,
            0.912674069404602,
            0.9134849905967712
      ],
      "f1": [
            0.09090522676706314,
            0.09090522676706314,
            0.09090522676706314,
            0.09090522676706314,
            0.09090522676706314,
            0.09090522676706314,
            0.09090522676706314,
            0.09090522676706314,
            0.09090522676706314,
            0.09090522676706314,
            0.09090522676706314,
            0.0909055843949318,
            0.09090593457221985,
            0.09090522676706314,
            0.09091117978096008,
            0.09091047942638397,
            0.0909188836812973,
            0.09095252305269241,
            0.09097004681825638,
            0.09100090712308884,
            0.09103179723024368,
            0.09106374531984329,
            0.0910753458738327,
            0.09106164425611496,
            0.091213658452034,
            0.09121119230985641,
            0.09135627746582031,
            0.09141642600297928,
            0.09132164716720581,
            0.09136618673801422,
            0.0916571095585823,
            0.09178684651851654,
            0.09177614003419876,
            0.09204203635454178,
            0.09222221374511719,
            0.09206394106149673
      ],
      "loss": [
            0.4630572497844696,
            0.42119264602661133,
            0.4029867649078369,
            0.3867158889770508,
            0.3721649646759033,
            0.3625342547893524,
            0.3480241000652313,
            0.3342932164669037,
            0.3227989077568054,
            0.30963215231895447,
            0.29781702160835266,
            0.287885457277298,
            0.2789107859134674,
            0.26918190717697144,
            0.26185935735702515,
            0.25207754969596863,
            0.245010644197464,
            0.2376415878534317,
            0.2306027114391327,
            0.2277483344078064,
            0.21881890296936035,
            0.2170739471912384,
            0.21141108870506287,
            0.20824673771858215,
            0.20362766087055206,
            0.19824567437171936,
            0.19648458063602448,
            0.19050836563110352,
            0.18739484250545502,
            0.18567436933517456,
            0.18058553338050842,
            0.17928515374660492,
            0.17625439167022705,
            0.17399974167346954,
            0.16783027350902557,
            0.16754402220249176
      ],
      "precision": [
            0.1553468555212021,
            0.1737358570098877,
            0.18365277349948883,
            0.18700213730335236,
            0.1934274286031723,
            0.19853699207305908,
            0.20311838388442993,
            0.20900262892246246,
            0.21308159828186035,
            0.21947528421878815,
            0.22606714069843292,
            0.23008792102336884,
            0.2353563904762268,
            0.24086609482765198,
            0.24481290578842163,
            0.25292444229125977,
            0.2581671476364136,
            0.2645573019981384,
            0.27051469683647156,
            0.27677789330482483,
            0.2830005884170532,
            0.283632755279541,
            0.2893681228160858,
            0.2934182286262512,
            0.30076199769973755,
            0.3053809106349945,
            0.308358371257782,
            0.31584715843200684,
            0.3225667476654053,
            0.32407140731811523,
            0.32940763235092163,
            0.33188095688819885,
            0.3375224471092224,
            0.33800286054611206,
            0.3487149477005005,
            0.35082778334617615
      ],
      "recall": [
            0.7792747020721436,
            0.805541455745697,
            0.8135061860084534,
            0.8274868726730347,
            0.8348584771156311,
            0.8485850095748901,
            0.8543466925621033,
            0.8643450140953064,
            0.8750211596488953,
            0.8845958113670349,
            0.8912048935890198,
            0.8958650827407837,
            0.9042535424232483,
            0.9105236530303955,
            0.9157769680023193,
            0.9196746349334717,
            0.9280630350112915,
            0.9273852109909058,
            0.9351804852485657,
            0.9368751049041748,
            0.9404338002204895,
            0.9417895078659058,
            0.9413658976554871,
            0.9450940489768982,
            0.9464497566223145,
            0.9506863355636597,
            0.9474665522575378,
            0.9524657130241394,
            0.9511100053787231,
            0.9536519050598145,
            0.9550923705101013,
            0.9551770687103271,
            0.9557701945304871,
            0.9567869901657104,
            0.9611082673072815,
            0.9605998992919922
      ],