{
      "AUC": [
            0.7580299377441406,
            0.8386055827140808,
            0.8501262068748474,
            0.8562986850738525,
            0.8590381741523743,
            0.8609645366668701,
            0.864412248134613,
            0.8689889907836914,
            0.8698156476020813,
            0.8730640411376953,
            0.8741938471794128,
            0.8776260614395142,
            0.8792420625686646,
            0.8803913593292236,
            0.8800641894340515,
            0.8835650086402893,
            0.8846555948257446,
            0.8848514556884766,
            0.8872768878936768,
            0.8873605728149414,
            0.8885593414306641,
            0.8897284269332886,
            0.8908170461654663,
            0.8928529024124146,
            0.8921193480491638
      ],
      "accuracy": [
            0.9545581340789795,
            0.9662001132965088,
            0.9664294123649597,
            0.9666095972061157,
            0.9665809273719788,
            0.9666914939880371,
            0.9666341543197632,
            0.9668552875518799,
            0.966978132724762,
            0.9669371843338013,
            0.9671992659568787,
            0.9672279357910156,
            0.967289388179779,
            0.9670682549476624,
            0.9672074913978577,
            0.9673876762390137,
            0.9671911001205444,
            0.9671337604522705,
            0.9673016667366028,
            0.9672197699546814,
            0.9672811627388,
            0.9675514698028564,
            0.9675391912460327,
            0.96751868724823,
            0.967346727848053
      ],
      "f1": [
            0.06459997594356537,
            0.06459997594356537,
            0.06459997594356537,
            0.06459997594356537,
            0.06459997594356537,
            0.06459997594356537,
            0.06459997594356537,
            0.06459997594356537,
            0.06459997594356537,
            0.06459997594356537,
            0.06459997594356537,
            0.06459997594356537,
            0.06459997594356537,
            0.06459997594356537,
            0.06459997594356537,
            0.06459997594356537,
            0.06459997594356537,
            0.06459997594356537,
            0.06459997594356537,
            0.06459997594356537,
            0.06459997594356537,
            0.06459997594356537,
            0.06459997594356537,
            0.06460023671388626,
            0.06459997594356537
      ],
      "loss": [
            0.15288066864013672,
            0.11714069545269012,
            0.11415047943592072,
            0.11234040558338165,
            0.11164940893650055,
            0.11098991334438324,
            0.10999492555856705,
            0.10900291055440903,
            0.10872684419155121,
            0.10783269256353378,
            0.10726621001958847,
            0.10656138509511948,
            0.10604036599397659,
            0.10604830831289291,
            0.10580622404813766,
            0.10511051118373871,
            0.104673832654953,
            0.10462358593940735,
            0.10405740886926651,
            0.10394781082868576,
            0.10352284461259842,
            0.10327129811048508,
            0.10301940888166428,
            0.10250000655651093,
            0.10262712091207504
      ],
      "precision": [
            0.10551687330007553,
            0.4258992671966553,
            0.45969125628471375,
            0.4978354871273041,
            0.49196141958236694,
            0.5124450922012329,
            0.5021770596504211,
            0.5351418256759644,
            0.5540372729301453,
            0.5436013340950012,
            0.5693215131759644,
            0.5737051963806152,
            0.583418607711792,
            0.5595628619194031,
            0.5690821409225464,
            0.5901639461517334,
            0.5644115209579468,
            0.5637105107307434,
            0.5848670601844788,
            0.5680969953536987,
            0.5740570425987244,
            0.6049953699111938,
            0.5968858003616333,
            0.5920941829681396,
            0.5795148015022278
      ],
      "recall": [
            0.048337627202272415,
            0.03631456196308136,
            0.03287940099835396,
            0.04232609644532204,
            0.037541404366493225,
            0.04293951764702797,
            0.042448777705430984,
            0.053245000541210175,
            0.05471721291542053,
            0.05888848006725311,
            0.07103423029184341,
            0.07066617906093597,
            0.0699300691485405,
            0.0628143772482872,
            0.07226107269525528,
            0.07508280873298645,
            0.07471475750207901,
            0.0678444355726242,
            0.07017543911933899,
            0.07471475750207901,
            0.07655502110719681,
            0.080235555768013,
            0.08465219289064407,
            0.08636976778507233,
            0.07913139462471008
      ],
      "val_AUC": [
            0.8691219091415405,
            0.8789384961128235,
            0.876305103302002,
            0.8772353529930115,
            0.8755499124526978,
            0.8827580213546753,
            0.8835551738739014,
            0.8862462639808655,
            0.8848488330841064,
            0.8848246932029724,
            0.883433997631073,
            0.887440025806427,
            0.8869218826293945,
            0.8874387741088867,
            0.8887150883674622,
            0.8847718834877014,
            0.8887878060340881,
            0.886117160320282,
            0.8867260813713074,
            0.8865199685096741,
            0.8870946764945984,
            0.886189877986908,
            0.8876699209213257,
            0.885523796081543,
            0.886330246925354
      ],
      "val_accuracy": [
            0.9856910705566406,
            0.9860162734985352,
            0.9856910705566406,
            0.9858861565589905,
            0.9858861565589905,
            0.9858211278915405,
            0.9857235550880432,
            0.9846829175949097,
            0.9835772514343262,
            0.9851707220077515,
            0.984065055847168,
            0.9849430918693542,
            0.9849430918693542,
            0.9853333234786987,
            0.985495924949646,
            0.9847479462623596,
            0.9834146499633789,
            0.9858861565589905,
            0.9838699102401733,
            0.9840975403785706,
            0.9843577146530151,
            0.9849756360054016,
            0.9842926859855652,
            0.9844878315925598,
            0.9836748242378235
      ],
      "val_f1": [
            0.027645036578178406,
            0.027645036578178406,
            0.027645036578178406,
            0.027645036578178406,
            0.027645036578178406,
            0.027645036578178406,
            0.027645036578178406,
            0.027645036578178406,
            0.027645036578178406,
            0.027645036578178406,
            0.027645036578178406,
            0.027645036578178406,
            0.027645036578178406,
            0.027645036578178406,
            0.027645036578178406,
            0.027645036578178406,
            0.027645036578178406,
            0.027645036578178406,
            0.027645036578178406,
            0.027645036578178406,
            0.027645036578178406,
            0.027645036578178406,
            0.027645036578178406,
            0.027645036578178406,
            0.027645036578178406
      ],