{
      "AUC": [
            0.681326150894165,
            0.8159030675888062,
            0.8342230319976807,
            0.843594491481781,
            0.8500029444694519,
            0.8536056280136108,
            0.8552552461624146,
            0.858393669128418,
            0.8614908456802368,
            0.8623943328857422,
            0.8639936447143555,
            0.8675403594970703,
            0.867454469203949,
            0.8689224123954773,
            0.8694825172424316,
            0.8706344366073608,
            0.8706395626068115,
            0.874926745891571,
            0.8724057078361511,
            0.8754479885101318,
            0.8755789399147034,
            0.8761206269264221,
            0.876544713973999,
            0.8780474662780762,
            0.8783179521560669,
            0.8781190514564514,
            0.8801422119140625,
            0.8807562589645386,
            0.8814725875854492,
            0.8826539516448975,
            0.8809140920639038,
            0.8818918466567993,
            0.8842660188674927,
            0.8823839426040649,
            0.8831524848937988,
            0.88547682762146,
            0.8844068050384521,
            0.8854104280471802,
            0.8854932188987732,
            0.8853021264076233,
            0.8862040042877197,
            0.8885212540626526,
            0.8874208331108093,
            0.8883062601089478,
            0.8869756460189819
      ],
      "accuracy": [
            0.9373142123222351,
            0.9661059379577637,
            0.9662901759147644,
            0.9663597941398621,
            0.9662533402442932,
            0.9663680195808411,
            0.9664048552513123,
            0.9666464924812317,
            0.9664663076400757,
            0.966806173324585,
            0.966625988483429,
            0.9667569994926453,
            0.9666669368743896,
            0.9668552875518799,
            0.9667856693267822,
            0.9668266177177429,
            0.9667242765426636,
            0.9669535756111145,
            0.9671214818954468,
            0.9667980074882507,
            0.966949462890625,
            0.9667938947677612,
            0.9670190811157227,
            0.9671460390090942,
            0.9670027494430542,
            0.9671214818954468,
            0.9669740796089172,
            0.9671050906181335,
            0.9671992659568787,
            0.9671992659568787,
            0.9673344492912292,
            0.967338502407074,
            0.9672443270683289,
            0.967318058013916,
            0.9673344492912292,
            0.9671255946159363,
            0.9671337604522705,
            0.9671911001205444,
            0.9672443270683289,
            0.9673548936843872,
            0.9672238826751709,
            0.9672074913978577,
            0.9673835635185242,
            0.9672771096229553,
            0.9673794507980347
      ],
      "f1": [
            0.06459997594356537,
            0.06459997594356537,
            0.06459997594356537,
            0.06459997594356537,
            0.06459997594356537,
            0.06459997594356537,
            0.06459997594356537,
            0.06459997594356537,
            0.06459997594356537,
            0.06459997594356537,
            0.06459997594356537,
            0.06459997594356537,
            0.06459997594356537,
            0.06459997594356537,
            0.06459997594356537,
            0.06459997594356537,
            0.06459997594356537,
            0.06459997594356537,
            0.06459997594356537,
            0.06459997594356537,
            0.06459997594356537,
            0.06459997594356537,
            0.06459997594356537,
            0.06459997594356537,
            0.06459997594356537,
            0.06459997594356537,
            0.06459997594356537,
            0.06460023671388626,
            0.06459997594356537,
            0.06459997594356537,
            0.06459997594356537,
            0.06459997594356537,
            0.06460023671388626,
            0.06459997594356537,
            0.06459997594356537,
            0.06460023671388626,
            0.06459997594356537,
            0.06459997594356537,
            0.06459997594356537,
            0.06459997594356537,
            0.06460100412368774,
            0.06460049003362656,
            0.06460023671388626,
            0.06460023671388626,
            0.06459997594356537
      ],
      "loss": [
            0.19385290145874023,
            0.12360702455043793,
            0.11899428814649582,
            0.11629952490329742,
            0.11472538113594055,
            0.11395171284675598,
            0.11294317245483398,
            0.11220583319664001,
            0.11129912734031677,
            0.11105023324489594,
            0.11073219776153564,
            0.1096852645277977,
            0.10958153754472733,
            0.10932327806949615,
            0.10904507339000702,
            0.1085255891084671,
            0.10868234187364578,
            0.10758814960718155,
            0.10805296152830124,
            0.10755600035190582,
            0.10715637356042862,
            0.1070261001586914,
            0.10690198093652725,
            0.10659201443195343,
            0.10661400854587555,
            0.106261245906353,
            0.10602324455976486,
            0.10592591762542725,
            0.10562127828598022,
            0.10556589812040329,
            0.10562426596879959,
            0.10528832674026489,
            0.10485576838254929,
            0.1050073429942131,
            0.10508310794830322,
            0.1044352799654007,
            0.10476765781641006,
            0.1045214980840683,
            0.10436961054801941,
            0.10427314043045044,
            0.10423474758863449,
            0.10393375158309937,
            0.10384982079267502,
            0.10337045043706894,
            0.10396146774291992
      ],
      "precision": [
            0.046853236854076385,
            0.36652541160583496,
            0.40816327929496765,
            0.4219512343406677,
            0.4017467200756073,
            0.43318966031074524,
            0.45546218752861023,
            0.5052816867828369,
            0.46854305267333984,
            0.5356577038764954,
            0.5007429122924805,
            0.5245901346206665,
            0.5071521401405334,
            0.5388813018798828,
            0.5259740352630615,
            0.5310173630714417,
            0.5159235596656799,
            0.5503105521202087,
            0.5702764987945557,
            0.5253239274024963,
            0.546403706073761,
            0.5225321650505066,
            0.5543113350868225,
            0.5727272629737854,
            0.5510427951812744,
            0.5626283288002014,
            0.546637773513794,
            0.5613305568695068,
            0.5704295635223389,
            0.5757250189781189,
            0.5908141732215881,
            0.5890132188796997,
            0.5739299654960632,
            0.579291045665741,
            0.5882353186607361,
            0.5642633438110352,
            0.5624375343322754,
            0.5670202374458313,
            0.5763052105903625,
            0.5856459140777588,
            0.5714285969734192,
            0.5740932822227478,
            0.588403046131134,
            0.5787401795387268,
            0.5863679051399231
      ],