{
      "AUC": [
            0.8544564843177795,
            0.866801917552948,
            0.8709096908569336,
            0.8762309551239014,
            0.8790744543075562,
            0.8806236386299133,
            0.8842094540596008,
            0.8856108784675598,
            0.8874766826629639,
            0.8900734186172485,
            0.8912230134010315,
            0.892343282699585,
            0.895928680896759
      ],
      "accuracy": [
            0.7772008180618286,
            0.7793548107147217,
            0.7896823287010193,
            0.7940967082977295,
            0.7894284129142761,
            0.7857674956321716,
            0.7900999784469604,
            0.787729024887085,
            0.7899812459945679,
            0.7900344729423523,
            0.7877330780029297,
            0.7893587946891785,
            0.790976345539093
      ],
      "f1": [
            0.06459997594356537,
            0.06459997594356537,
            0.06459997594356537,
            0.06459997594356537,
            0.06459997594356537,
            0.06459997594356537,
            0.06459997594356537,
            0.06459997594356537,
            0.06459997594356537,
            0.06459997594356537,
            0.06459997594356537,
            0.06459997594356537,
            0.06459997594356537
      ],
      "loss": [
            0.47644394636154175,
            0.4575759172439575,
            0.4504114091396332,
            0.44186970591545105,
            0.4374215602874756,
            0.43453872203826904,
            0.4282674491405487,
            0.4253552258014679,
            0.4223792254924774,
            0.41721177101135254,
            0.414995938539505,
            0.41290292143821716,
            0.4054153263568878
      ],
      "precision": [
            0.10836987942457199,
            0.11076687276363373,
            0.11554408818483353,
            0.11835788190364838,
            0.11690128594636917,
            0.1163635104894638,
            0.11838028579950333,
            0.11791561543941498,
            0.1191955953836441,
            0.11976016312837601,
            0.11889100074768066,
            0.11968019604682922,
            0.1208387091755867
      ],
      "recall": [
            0.7851797342300415,
            0.798306941986084,
            0.7965893745422363,
            0.8014967441558838,
            0.8099619746208191,
            0.821739673614502,
            0.8202674388885498,
            0.8270151019096375,
            0.8282419443130493,
            0.8331493139266968,
            0.8359710574150085,
            0.8356029987335205,
            0.83854740858078
      ],
      "val_AUC": [
            0.8742900490760803,
            0.8837525844573975,
            0.883685290813446,
            0.8852490186691284,
            0.8855628967285156,
            0.8837940692901611,
            0.8877575397491455,
            0.8866513967514038,
            0.8865277767181396,
            0.886817455291748,
            0.8825936913490295,
            0.8832603693008423,
            0.8859451413154602
      ],
      "val_accuracy": [
            0.8098211288452148,
            0.8437723517417908,
            0.8503089547157288,
            0.7559349536895752,
            0.7683576941490173,
            0.8171381950378418,
            0.7876747846603394,
            0.7737236022949219,
            0.7496585249900818,
            0.7896585464477539,
            0.7939837574958801,
            0.7809430956840515,
            0.7675122022628784
      ],
      "val_f1": [
            0.027645036578178406,
            0.027645036578178406,
            0.027645036578178406,
            0.027645036578178406,
            0.027645036578178406,
            0.027645036578178406,
            0.027645036578178406,
            0.027657456696033478,
            0.027645036578178406,
            0.027646809816360474,
            0.027683213353157043,
            0.027645036578178406,
            0.027681434527039528
      ],
      "val_loss": [
            0.40681275725364685,
            0.41501984000205994,
            0.33490249514579773,
            0.5001091957092285,
            0.4775940775871277,
            0.3893521726131439,
            0.40295878052711487,
            0.46688371896743774,
            0.4908809959888458,
            0.44774922728538513,
            0.42147883772850037,
            0.43066614866256714,
            0.45241475105285645
      ],
      "val_precision": [
            0.056347254663705826,
            0.06642871350049973,
            0.0682947039604187,
            0.04735090956091881,
            0.04832613468170166,
            0.059552088379859924,
            0.053063616156578064,
            0.05017229542136192,
            0.046322885900735855,
            0.053278081119060516,
            0.053808946162462234,
            0.051756005734205246,
            0.049006443470716476
      ],
      "val_recall": [
            0.7981438636779785,
            0.7772621512413025,
            0.7656612396240234,
            0.8584686517715454,
            0.8306264281272888,
            0.814385175704956,
            0.839907169342041,
            0.8445475697517395,
            0.860788881778717,
            0.8352668285369873,
            0.8259860873222351,
            0.8445475697517395,
            0.8468677401542664
      ]
}