{
      "AUC": [
            0.7807182669639587,
            0.8455915451049805,
            0.8564578294754028,
            0.8649110794067383,
            0.8691014051437378,
            0.8743990659713745,
            0.8776035904884338,
            0.8805984854698181,
            0.8845853805541992,
            0.8858659863471985,
            0.888647198677063,
            0.8887261152267456,
            0.8901556730270386,
            0.8926470279693604,
            0.8944799304008484,
            0.8946597576141357,
            0.8950222730636597,
            0.8964830040931702,
            0.8970885276794434,
            0.8975918292999268,
            0.8989992737770081,
            0.8993149995803833,
            0.9006428718566895,
            0.9011255502700806,
            0.9019377827644348,
            0.9019750356674194,
            0.9020694494247437,
            0.9019850492477417,
            0.9040133357048035,
            0.9033680558204651,
            0.9048075675964355,
            0.9060336947441101,
            0.9040969610214233,
            0.9046199917793274,
            0.9047726988792419,
            0.9052543044090271,
            0.90534907579422,
            0.9064474701881409,
            0.9066576957702637,
            0.9068917632102966,
            0.9076103568077087,
            0.9080348610877991,
            0.9077810645103455,
            0.9075976610183716
      ],
      "accuracy": [
            0.6928380727767944,
            0.7752094864845276,
            0.7811968922615051,
            0.7848926782608032,
            0.790202260017395,
            0.7968109846115112,
            0.7962502241134644,
            0.8025240898132324,
            0.8078215718269348,
            0.8042791485786438,
            0.8124856352806091,
            0.812211275100708,
            0.811698853969574,
            0.8126469850540161,
            0.8121910691261292,
            0.818880558013916,
            0.818307638168335,
            0.8227295875549316,
            0.8204460144042969,
            0.8196874856948853,
            0.8212408423423767,
            0.8210189342498779,
            0.8231613039970398,
            0.8218379616737366,
            0.822422981262207,
            0.8189330101013184,
            0.8208454251289368,
            0.8208454251289368,
            0.8223503232002258,
            0.8245331048965454,
            0.8228183388710022,
            0.8236777186393738,
            0.8245411515235901,
            0.8220598697662354,
            0.8241134881973267,
            0.8226932883262634,
            0.8279020190238953,
            0.8275147080421448,
            0.8248074650764465,
            0.8265020251274109,
            0.8246299028396606,
            0.8265544772148132,
            0.8252431750297546,
            0.8262680172920227
      ],
      "f1": [
            0.09090522676706314,
            0.09090522676706314,
            0.09090522676706314,
            0.09090522676706314,
            0.09090522676706314,
            0.09090522676706314,
            0.09090522676706314,
            0.09090522676706314,
            0.09090522676706314,
            0.09090522676706314,
            0.09090522676706314,
            0.09090522676706314,
            0.09090522676706314,
            0.09090522676706314,
            0.09090522676706314,
            0.09090522676706314,
            0.09090522676706314,
            0.09090522676706314,
            0.09090522676706314,
            0.09090522676706314,
            0.09090522676706314,
            0.09090522676706314,
            0.09090522676706314,
            0.09090522676706314,
            0.09090522676706314,
            0.09090522676706314,
            0.09090522676706314,
            0.09090522676706314,
            0.09090522676706314,
            0.09090522676706314,
            0.09090522676706314,
            0.09090522676706314,
            0.09090522676706314,
            0.09090522676706314,
            0.09090522676706314,
            0.09090522676706314,
            0.09090522676706314,
            0.09090522676706314,
            0.09090522676706314,
            0.09090522676706314,
            0.09090522676706314,
            0.09090522676706314,
            0.09090522676706314,
            0.09090522676706314
      ],
      "loss": [
            0.5727382302284241,
            0.49128398299217224,
            0.4738791286945343,
            0.460862934589386,
            0.4541451930999756,
            0.44575321674346924,
            0.44043418765068054,
            0.4349709749221802,
            0.42833179235458374,
            0.4261401295661926,
            0.4213935434818268,
            0.4211297631263733,
            0.41849496960639954,
            0.4142426550388336,
            0.41097068786621094,
            0.4103690981864929,
            0.4095120131969452,
            0.40667498111724854,
            0.4057829976081848,
            0.40472280979156494,
            0.4016164243221283,
            0.40156564116477966,
            0.3988186717033386,
            0.39805981516838074,
            0.396490216255188,
            0.39632442593574524,
            0.3958378732204437,
            0.39611873030662537,
            0.39224687218666077,
            0.39353108406066895,
            0.39047133922576904,
            0.3883594870567322,
            0.3921049237251282,
            0.39115238189697266,
            0.39058905839920044,
            0.38988199830055237,
            0.3899054527282715,
            0.38745632767677307,
            0.3871203064918518,
            0.38666975498199463,
            0.38521406054496765,
            0.3842644989490509,
            0.38468700647354126,
            0.38485026359558105
      ],
      "precision": [
            0.10614094138145447,
            0.14723414182662964,
            0.1518046259880066,
            0.15573947131633759,
            0.15969929099082947,
            0.164885014295578,
            0.16498719155788422,
            0.17003357410430908,
            0.17375072836875916,
            0.17164018750190735,
            0.17830105125904083,
            0.17767015099525452,
            0.17725244164466858,
            0.17876753211021423,
            0.17894037067890167,
            0.18410249054431915,
            0.18359263241291046,
            0.18779753148555756,
            0.1853918582201004,
            0.1854834109544754,
            0.1863759160041809,
            0.18626298010349274,
            0.1890123188495636,
            0.1877918839454651,
            0.18829472362995148,
            0.18543386459350586,
            0.18691660463809967,
            0.18713292479515076,
            0.1885545253753662,
            0.19035334885120392,
            0.18950746953487396,
            0.19011074304580688,
            0.1904817670583725,
            0.1882925182580948,
            0.19042611122131348,
            0.18846675753593445,
            0.1935599148273468,
            0.19365312159061432,
            0.19128328561782837,
            0.19270771741867065,
            0.19137197732925415,
            0.1934577077627182,
            0.19227764010429382,
            0.19291076064109802
      ],