{
      "AUC": [
            0.8513920903205872,
            0.8722342252731323,
            0.8775082230567932,
            0.8854226469993591,
            0.8921185731887817,
            0.8974132537841797,
            0.9044497609138489,
            0.9107221961021423,
            0.9160690903663635,
            0.9215633273124695,
            0.9254630208015442,
            0.9300866723060608,
            0.9344014525413513,
            0.9378594160079956,
            0.940674901008606,
            0.9448792934417725,
            0.9470215439796448,
            0.9503584504127502,
            0.9518730640411377,
            0.9539929628372192,
            0.9561750888824463,
            0.9578866958618164,
            0.9575701951980591,
            0.9607051610946655,
            0.9618751406669617,
            0.963227391242981,
            0.9646506309509277,
            0.9655167460441589,
            0.9670344591140747,
            0.9682685732841492,
            0.9683765769004822,
            0.9693024158477783
      ],
      "accuracy": [
            0.7806201577186584,
            0.7882285714149475,
            0.7930934429168701,
            0.798973798751831,
            0.8003415465354919,
            0.7995798587799072,
            0.8043423295021057,
            0.8099401593208313,
            0.8131260275840759,
            0.8177042007446289,
            0.819993257522583,
            0.8248417377471924,
            0.8299563527107239,
            0.8325893878936768,
            0.8374296426773071,
            0.844448447227478,
            0.8469709753990173,
            0.853461503982544,
            0.8544114828109741,
            0.8585310578346252,
            0.8630682826042175,
            0.8660616874694824,
            0.8661149144172668,
            0.8721672892570496,
            0.8747348785400391,
            0.8775358200073242,
            0.8807708621025085,
            0.8823924660682678,
            0.8852916955947876,
            0.8888707160949707,
            0.8894644379615784,
            0.8918722867965698
      ],
      "f1": [
            0.06459997594356537,
            0.06459997594356537,
            0.06459997594356537,
            0.06459997594356537,
            0.06459997594356537,
            0.06459997594356537,
            0.06459997594356537,
            0.06459997594356537,
            0.06460023671388626,
            0.06459997594356537,
            0.06460075080394745,
            0.06460433453321457,
            0.06460638344287872,
            0.06461533904075623,
            0.06463583558797836,
            0.06464429944753647,
            0.0646691620349884,
            0.06473875790834427,
            0.06487427651882172,
            0.06485310941934586,
            0.06491819769144058,
            0.06510850787162781,
            0.06511813402175903,
            0.06506692618131638,
            0.06525366753339767,
            0.06529339402914047,
            0.06535989046096802,
            0.06553857028484344,
            0.06580417603254318,
            0.06574711948633194,
            0.06584910303354263,
            0.0658903568983078
      ],
      "loss": [
            0.48063895106315613,
            0.44807231426239014,
            0.43920084834098816,
            0.42555367946624756,
            0.41292572021484375,
            0.40220972895622253,
            0.38790225982666016,
            0.3745293617248535,
            0.3620198667049408,
            0.34880974888801575,
            0.33860844373703003,
            0.3269501328468323,
            0.31517019867897034,
            0.30491945147514343,
            0.2967612147331238,
            0.28478869795799255,
            0.2781353294849396,
            0.2670378088951111,
            0.2624836266040802,
            0.2562723457813263,
            0.24870547652244568,
            0.24382193386554718,
            0.24486792087554932,
            0.23383870720863342,
            0.22924107313156128,
            0.22508350014686584,
            0.21994204819202423,
            0.21681196987628937,
            0.2105095237493515,
            0.206019788980484,
            0.20678451657295227,
            0.2017950713634491
      ],
      "precision": [
            0.10825542360544205,
            0.11494130641222,
            0.11758654564619064,
            0.1222131997346878,
            0.12385134398937225,
            0.1250183880329132,
            0.12878206372261047,
            0.13339337706565857,
            0.13614831864833832,
            0.141035258769989,
            0.1430365890264511,
            0.1480901688337326,
            0.1525423675775528,
            0.15562990307807922,
            0.16040559113025665,
            0.1673097014427185,
            0.1698940247297287,
            0.177187979221344,
            0.1780174821615219,
            0.1829080730676651,
            0.18814127147197723,
            0.19221417605876923,
            0.19168928265571594,
            0.20017677545547485,
            0.20347808301448822,
            0.20768052339553833,
            0.21240638196468353,
            0.21486595273017883,
            0.2196437120437622,
            0.22539122402668,
            0.2256392389535904,
            0.23028959333896637
      ],
      "recall": [
            0.7699669003486633,
            0.7976935505867004,
            0.7992884516716003,
            0.8124156594276428,
            0.820144772529602,
            0.8342534899711609,
            0.8433321118354797,
            0.8540056347846985,
            0.8603852391242981,
            0.8764568567276001,
            0.8801373839378357,
            0.8937553763389587,
            0.898785412311554,
            0.907373309135437,
            0.9141209721565247,
            0.9203778505325317,
            0.9224634766578674,
            0.9304379820823669,
            0.9293338060379028,
            0.9339958429336548,
            0.9358360767364502,
            0.9407434463500977,
            0.9360814690589905,
            0.9446693658828735,
            0.9445466995239258,
            0.9481045007705688,
            0.9498221278190613,
            0.9508035778999329,
            0.9544841051101685,
            0.9559563398361206,
            0.9505581855773926,
            0.9560790061950684
      ],
      "val_AUC": [
            0.875896155834198,
            0.8827046155929565,
            0.882666826248169,
            0.8793703317642212,
            0.8860419392585754,
            0.8821829557418823,
            0.8754646182060242,
            0.8772885799407959,
            0.8754726648330688,
            0.8681870698928833,
            0.869484543800354,
            0.8747454285621643,
            0.8676143288612366,
            0.8653842210769653,
            0.8640552759170532,
            0.8549017310142517,
            0.8547503352165222,
            0.8635538816452026,
            0.8543285131454468,
            0.8592487573623657,
            0.8571182489395142,
            0.8533143997192383,
            0.8540627956390381,
            0.8533469438552856,
            0.849224328994751,
            0.8512282371520996,
            0.8517909646034241,
            0.8426093459129333,
            0.8401985168457031,
            0.8368347883224487,
            0.8434098362922668,
            0.8373569846153259
      ],