{
      "AUC": [
            0.836188793182373,
            0.8659223914146423,
            0.871924638748169,
            0.8755959868431091,
            0.8792765140533447,
            0.8822912573814392,
            0.8845812082290649,
            0.8872728943824768,
            0.8904477953910828,
            0.8914148211479187,
            0.8936930298805237,
            0.8946254253387451,
            0.8953227996826172,
            0.8976340293884277,
            0.8988936543464661,
            0.8999868631362915,
            0.9013567566871643,
            0.9025567770004272,
            0.9039410352706909,
            0.9048153758049011,
            0.9054112434387207,
            0.9064904451370239
      ],
      "accuracy": [
            0.754281759262085,
            0.7755645513534546,
            0.7767386436462402,
            0.7833594679832458,
            0.7867526412010193,
            0.7901336550712585,
            0.794099748134613,
            0.7934461236000061,
            0.79168701171875,
            0.7948945760726929,
            0.79465651512146,
            0.7957700490951538,
            0.7964035272598267,
            0.8007488250732422,
            0.7927844524383545,
            0.797484815120697,
            0.7978156208992004,
            0.8003816604614258,
            0.8030082583427429,
            0.7994658350944519,
            0.7984127402305603,
            0.8002243041992188
      ],
      "f1": [
            0.09090522676706314,
            0.09090522676706314,
            0.09090522676706314,
            0.09090522676706314,
            0.09090522676706314,
            0.09090522676706314,
            0.09090522676706314,
            0.09090522676706314,
            0.09090522676706314,
            0.09090522676706314,
            0.09090522676706314,
            0.09090522676706314,
            0.09090522676706314,
            0.09090522676706314,
            0.09090522676706314,
            0.09090522676706314,
            0.09090522676706314,
            0.09090522676706314,
            0.09090522676706314,
            0.09090522676706314,
            0.09090522676706314,
            0.09090522676706314
      ],
      "loss": [
            0.504466712474823,
            0.4591769874095917,
            0.449722021818161,
            0.4434807002544403,
            0.4368145167827606,
            0.4317857027053833,
            0.42742031812667847,
            0.4227129817008972,
            0.41642850637435913,
            0.4147016406059265,
            0.4103243947029114,
            0.4081520140171051,
            0.4069071114063263,
            0.4026515483856201,
            0.3991648852825165,
            0.39782434701919556,
            0.3946154713630676,
            0.3923340439796448,
            0.3892040550708771,
            0.3868752717971802,
            0.3860224187374115,
            0.3838110566139221
      ],
      "precision": [
            0.13444414734840393,
            0.1513024866580963,
            0.15304918587207794,
            0.15702520310878754,
            0.16007551550865173,
            0.16272477805614471,
            0.16568097472190857,
            0.16557718813419342,
            0.16553299129009247,
            0.16786359250545502,
            0.16796615719795227,
            0.1691526174545288,
            0.16926735639572144,
            0.17281006276607513,
            0.1686851978302002,
            0.1719193309545517,
            0.17264243960380554,
            0.17432571947574615,
            0.17654767632484436,
            0.17429490387439728,
            0.17430785298347473,
            0.1754530966281891
      ],
      "recall": [
            0.7650398015975952,
            0.8056261539459229,
            0.813590943813324,
            0.8125741481781006,
            0.8190137147903442,
            0.8219793438911438,
            0.8236739635467529,
            0.8263006210327148,
            0.8351126909255981,
            0.8357905149459839,
            0.8378241062164307,
            0.8407896757125854,
            0.8382477760314941,
            0.8409591317176819,
            0.853245198726654,
            0.8523131608963013,
            0.8559566140174866,
            0.8543466925621033,
            0.856126070022583,
            0.859261155128479,
            0.8652770519256592,
            0.8637518882751465
      ],
      "val_AUC": [
            0.8750362992286682,
            0.8798459768295288,
            0.8817068338394165,
            0.8797101378440857,
            0.883541464805603,
            0.8832945227622986,
            0.8826301693916321,
            0.8843345642089844,
            0.8805468678474426,
            0.8777652978897095,
            0.8815755248069763,
            0.8812907934188843,
            0.8791944980621338,
            0.8804235458374023,
            0.8801051378250122,
            0.87794429063797,
            0.8798501491546631,
            0.8766248822212219,
            0.875278890132904,
            0.8805169463157654,
            0.8753976225852966,
            0.8767157793045044
      ],
      "val_accuracy": [
            0.7757073044776917,
            0.7744064927101135,
            0.8044552803039551,
            0.8058861494064331,
            0.8128780722618103,
            0.808682918548584,
            0.8018536567687988,
            0.7966504096984863,
            0.8176259994506836,
            0.8087804913520813,
            0.81830894947052,
            0.8315122127532959,
            0.8282276391983032,
            0.8126178979873657,
            0.8253983855247498,
            0.8151869773864746,
            0.8219187259674072,
            0.830439031124115,
            0.8225691318511963,
            0.8160975575447083,
            0.8245203495025635,
            0.815869927406311
      ],
      "val_f1": [
            0.027645036578178406,
            0.027645036578178406,
            0.027645036578178406,
            0.027645036578178406,
            0.027645036578178406,
            0.027645036578178406,
            0.027645036578178406,
            0.027645036578178406,
            0.027645036578178406,
            0.027645036578178406,
            0.027645036578178406,
            0.027645036578178406,
            0.027645036578178406,
            0.027645036578178406,
            0.027645036578178406,
            0.02764592319726944,
            0.02764592319726944,
            0.02764592319726944,
            0.02764592319726944,
            0.027646809816360474,
            0.02764592319726944,
            0.027647698298096657
      ],
      "val_loss": [
            0.4544302821159363,
            0.4276967942714691,
            0.3896964490413666,
            0.41453781723976135,
            0.38442462682724,
            0.39336341619491577,
            0.4088866114616394,
            0.4035012722015381,
            0.3834594786167145,
            0.3872895836830139,
            0.3785019814968109,
            0.3346283435821533,
            0.3658234477043152,
            0.3809758722782135,
            0.3415345549583435,
            0.37277448177337646,
            0.3649042844772339,
            0.3660907745361328,
            0.3628830015659332,
            0.3677080571651459,
            0.34673741459846497,
            0.36966049671173096
      ],