{
      "AUC": [
            0.8258864879608154,
            0.8562350273132324,
            0.8594571948051453,
            0.8636018633842468,
            0.8660692572593689,
            0.8676718473434448,
            0.8695133924484253,
            0.8714935183525085,
            0.8720226883888245,
            0.8724757432937622,
            0.8738882541656494,
            0.8747212886810303,
            0.8739702105522156,
            0.8756099939346313,
            0.8765568137168884,
            0.8765485882759094,
            0.8759835362434387,
            0.8759534955024719,
            0.8771940469741821,
            0.8783942461013794,
            0.8779974579811096,
            0.8787004947662354
      ],
      "accuracy": [
            0.7520781755447388,
            0.778003454208374,
            0.7822785973548889,
            0.7879911065101624,
            0.7956609725952148,
            0.7943669557571411,
            0.7951204180717468,
            0.8022375106811523,
            0.7985315322875977,
            0.7958575487136841,
            0.7913448810577393,
            0.7967502474784851,
            0.7963038682937622,
            0.7991908192634583,
            0.7982039451599121,
            0.7983349561691284,
            0.7863735556602478,
            0.7930155992507935,
            0.7947559952735901,
            0.7940967082977295,
            0.7970573306083679,
            0.792487382888794
      ],
      "f1": [
            0.06459997594356537,
            0.06459997594356537,
            0.06459997594356537,
            0.06459997594356537,
            0.06459997594356537,
            0.06459997594356537,
            0.06459997594356537,
            0.06459997594356537,
            0.06459997594356537,
            0.06459997594356537,
            0.06459997594356537,
            0.06459997594356537,
            0.06459997594356537,
            0.06459997594356537,
            0.06459997594356537,
            0.06459997594356537,
            0.06459997594356537,
            0.06459997594356537,
            0.06459997594356537,
            0.06459997594356537,
            0.06459997594356537,
            0.06459997594356537
      ],
      "loss": [
            0.5228065848350525,
            0.4750785529613495,
            0.4698198139667511,
            0.4628106653690338,
            0.459173321723938,
            0.4568769633769989,
            0.4536738097667694,
            0.4501807391643524,
            0.4494438171386719,
            0.4487428665161133,
            0.44647371768951416,
            0.44526147842407227,
            0.44608744978904724,
            0.4433983266353607,
            0.44201430678367615,
            0.4419581890106201,
            0.4428679049015045,
            0.44301319122314453,
            0.44050392508506775,
            0.4382960796356201,
            0.43889495730400085,
            0.4381992518901825
      ],
      "precision": [
            0.09571578353643417,
            0.10906282067298889,
            0.1114870086312294,
            0.11386892199516296,
            0.11711513251066208,
            0.11769517511129379,
            0.11751812696456909,
            0.1208847239613533,
            0.11998222768306732,
            0.11852096021175385,
            0.11709874123334885,
            0.11973600089550018,
            0.11875779181718826,
            0.12080574035644531,
            0.12004360556602478,
            0.12067565321922302,
            0.11576668918132782,
            0.11791849136352539,
            0.11911935359239578,
            0.11873088032007217,
            0.12013797461986542,
            0.11826277524232864
      ],
      "recall": [
            0.7608882188796997,
            0.7882468700408936,
            0.7924181222915649,
            0.7891056537628174,
            0.7833394408226013,
            0.7943810820579529,
            0.7893509864807129,
            0.7851797342300415,
            0.7949944734573364,
            0.7947490811347961,
            0.8029689788818359,
            0.8012513518333435,
            0.7947490811347961,
            0.7990430593490601,
            0.7970800995826721,
            0.8019874691963196,
            0.8135198354721069,
            0.8026009202003479,
            0.8051772713661194,
            0.8048092126846313,
            0.803337037563324,
            0.8081216812133789
      ],
      "val_AUC": [
            0.874121904373169,
            0.8766707181930542,
            0.8784930109977722,
            0.8798503875732422,
            0.8823760151863098,
            0.8857483267784119,
            0.8839874267578125,
            0.8841557502746582,
            0.8862610459327698,
            0.887303352355957,
            0.8867956399917603,
            0.8863232135772705,
            0.8853965997695923,
            0.8856632709503174,
            0.8877806067466736,
            0.8846002221107483,
            0.8868764638900757,
            0.8866228461265564,
            0.8875030279159546,
            0.8873536586761475,
            0.8873064517974854,
            0.8865698575973511
      ],
      "val_accuracy": [
            0.7983414530754089,
            0.8049105405807495,
            0.8291382193565369,
            0.8065040707588196,
            0.8431219458580017,
            0.826991856098175,
            0.8349268436431885,
            0.8457885980606079,
            0.8174633979797363,
            0.8325203061103821,
            0.832097589969635,
            0.8563252091407776,
            0.8560324907302856,
            0.8386666774749756,
            0.8364552855491638,
            0.8247154355049133,
            0.8180487751960754,
            0.8392845392227173,
            0.8156097531318665,
            0.8043577075004578,
            0.8205853700637817,
            0.8374959230422974
      ],
      "val_f1": [
            0.027645036578178406,
            0.027645036578178406,
            0.027645036578178406,
            0.027645036578178406,
            0.027645036578178406,
            0.027645036578178406,
            0.027645036578178406,
            0.027645036578178406,
            0.027645036578178406,
            0.027645036578178406,
            0.027645036578178406,
            0.027645036578178406,
            0.027645036578178406,
            0.027645036578178406,
            0.027645036578178406,
            0.027645036578178406,
            0.027645036578178406,
            0.027645036578178406,
            0.027645036578178406,
            0.027645036578178406,
            0.027645036578178406,
            0.027645036578178406
      ],
      "val_loss": [
            0.4392063319683075,
            0.4361659288406372,
            0.4008018970489502,
            0.4321993887424469,
            0.36299118399620056,
            0.37497106194496155,
            0.4038582444190979,
            0.3719674050807953,
            0.4000808596611023,
            0.3887975811958313,
            0.3717001676559448,
            0.34829744696617126,
            0.3620883524417877,
            0.3726131021976471,
            0.3800179362297058,
            0.37843698263168335,
            0.39794644713401794,
            0.3717055916786194,
            0.3923549950122833,
            0.43199023604393005,
            0.4039587080478668,
            0.38366222381591797
      ],