{
      "AUC": [
            0.7783011198043823,
            0.8436026573181152,
            0.8552057147026062,
            0.8590201735496521,
            0.8625220656394958,
            0.8642337322235107,
            0.8660387396812439,
            0.8678144812583923,
            0.869563639163971,
            0.8712692260742188,
            0.8710517287254333,
            0.8747832179069519,
            0.8735354542732239,
            0.8762809634208679,
            0.8776476383209229,
            0.8781968355178833,
            0.8772363662719727,
            0.8787832260131836,
            0.8802215456962585,
            0.8801721334457397,
            0.8818444013595581,
            0.8826140761375427,
            0.8831842541694641,
            0.8829247951507568
      ],
      "accuracy": [
            0.6759403944015503,
            0.7609724998474121,
            0.7664597630500793,
            0.7733392715454102,
            0.7775898575782776,
            0.7772868275642395,
            0.779694676399231,
            0.7816970944404602,
            0.7843383550643921,
            0.7864718437194824,
            0.7809600234031677,
            0.785706102848053,
            0.7839452624320984,
            0.781660258769989,
            0.7863203287124634,
            0.7887036204338074,
            0.7892072796821594,
            0.7876389026641846,
            0.7891499400138855,
            0.7856446504592896,
            0.7854399085044861,
            0.789162278175354,
            0.7900876998901367,
            0.7891868352890015
      ],
      "f1": [
            0.06459997594356537,
            0.06459997594356537,
            0.06459997594356537,
            0.06459997594356537,
            0.06459997594356537,
            0.06459997594356537,
            0.06459997594356537,
            0.06459997594356537,
            0.06459997594356537,
            0.06459997594356537,
            0.06459997594356537,
            0.06459997594356537,
            0.06459997594356537,
            0.06459997594356537,
            0.06459997594356537,
            0.06459997594356537,
            0.06459997594356537,
            0.06459997594356537,
            0.06459997594356537,
            0.06459997594356537,
            0.06459997594356537,
            0.06459997594356537,
            0.06459997594356537,
            0.06459997594356537
      ],
      "loss": [
            0.5763130784034729,
            0.494841068983078,
            0.475637823343277,
            0.4701269567012787,
            0.4645981192588806,
            0.46188393235206604,
            0.4586906433105469,
            0.45570632815361023,
            0.4535015821456909,
            0.4498794376850128,
            0.4502198100090027,
            0.4450721740722656,
            0.44647684693336487,
            0.44146251678466797,
            0.43971532583236694,
            0.43793928623199463,
            0.44028571248054504,
            0.43738460540771484,
            0.4350917339324951,
            0.4349591135978699,
            0.4325110912322998,
            0.4309379756450653,
            0.4291701912879944,
            0.4304966628551483
      ],
      "precision": [
            0.07215786725282669,
            0.10158035159111023,
            0.10501648485660553,
            0.10815567523241043,
            0.11014458537101746,
            0.11017806828022003,
            0.11120196431875229,
            0.11252209544181824,
            0.1135534942150116,
            0.11525073647499084,
            0.11287760734558105,
            0.11508973687887192,
            0.11400685459375381,
            0.11405427753925323,
            0.11616919189691544,
            0.11730613559484482,
            0.11712826043367386,
            0.11699964851140976,
            0.11768026649951935,
            0.11663572490215302,
            0.11713192611932755,
            0.11783484369516373,
            0.11869803816080093,
            0.11881554126739502
      ],
      "recall": [
            0.7343884110450745,
            0.7854251265525818,
            0.7972028255462646,
            0.7991657257080078,
            0.8000245094299316,
            0.8016194105148315,
            0.8008833527565002,
            0.8044411540031433,
            0.8023555278778076,
            0.8083670735359192,
            0.8109434247016907,
            0.8103300333023071,
            0.8082444071769714,
            0.8187952637672424,
            0.817445695400238,
            0.8169549703598022,
            0.8130290508270264,
            0.8190405964851379,
            0.8183044791221619,
            0.8248067498207092,
            0.830327570438385,
            0.8196540474891663,
            0.8232118487358093,
            0.8284872770309448
      ],
      "val_AUC": [
            0.8743666410446167,
            0.8767563104629517,
            0.8790826201438904,
            0.8811066746711731,
            0.8819948434829712,
            0.8821790218353271,
            0.883303701877594,
            0.8847025036811829,
            0.884358823299408,
            0.8847649097442627,
            0.8858925700187683,
            0.885697066783905,
            0.8859571814537048,
            0.8880533576011658,
            0.8884021639823914,
            0.8857665657997131,
            0.8874174952507019,
            0.8878960013389587,
            0.885823130607605,
            0.886724591255188,
            0.8876545429229736,
            0.8868706822395325,
            0.8863735795021057,
            0.885351836681366
      ],
      "val_accuracy": [
            0.8163251876831055,
            0.8097235560417175,
            0.8122926950454712,
            0.8077073097229004,
            0.79411381483078,
            0.823186993598938,
            0.8017886281013489,
            0.8250081539154053,
            0.8267316818237305,
            0.8080650568008423,
            0.8017235994338989,
            0.8026992082595825,
            0.8228943347930908,
            0.8291707038879395,
            0.8233170509338379,
            0.8374959230422974,
            0.8228292465209961,
            0.8201625943183899,
            0.806243896484375,
            0.8150894045829773,
            0.822471559047699,
            0.8156747817993164,
            0.8212357759475708,
            0.8182113766670227
      ],
      "val_f1": [
            0.027645036578178406,
            0.027645036578178406,
            0.027645036578178406,
            0.027645036578178406,
            0.027645036578178406,
            0.027645036578178406,
            0.027645036578178406,
            0.027645036578178406,
            0.027645036578178406,
            0.027645036578178406,
            0.027645036578178406,
            0.027645036578178406,
            0.027645036578178406,
            0.027645036578178406,
            0.027645036578178406,
            0.027645036578178406,
            0.027645036578178406,
            0.027645036578178406,
            0.027645036578178406,
            0.027645036578178406,
            0.027645036578178406,
            0.027645036578178406,
            0.027645036578178406,
            0.027645036578178406
      ],