{
      "AUC": [
            0.8126540184020996,
            0.8535845875740051,
            0.8600332736968994,
            0.8639591932296753,
            0.8676874041557312,
            0.8689765930175781,
            0.87110435962677,
            0.873443067073822,
            0.8767431378364563,
            0.8784667253494263,
            0.8812491297721863,
            0.8828874230384827,
            0.8840597867965698,
            0.8857287764549255,
            0.8854307532310486
      ],
      "accuracy": [
            0.7262430191040039,
            0.7712140083312988,
            0.7824710607528687,
            0.7854030728340149,
            0.786627471446991,
            0.7884579300880432,
            0.7913120985031128,
            0.7883473634719849,
            0.7869918942451477,
            0.7866848111152649,
            0.7857921123504639,
            0.7876225709915161,
            0.7870451807975769,
            0.791869044303894,
            0.7884251475334167
      ],
      "f1": [
            0.06459997594356537,
            0.06459997594356537,
            0.06459997594356537,
            0.06459997594356537,
            0.06459997594356537,
            0.06459997594356537,
            0.06459997594356537,
            0.06459997594356537,
            0.06459997594356537,
            0.06459997594356537,
            0.06459997594356537,
            0.06459997594356537,
            0.06459997594356537,
            0.06459997594356537,
            0.06459997594356537
      ],
      "loss": [
            0.5376254916191101,
            0.47899699211120605,
            0.4684395492076874,
            0.4620823860168457,
            0.45603397488594055,
            0.45368123054504395,
            0.45071759819984436,
            0.4466174244880676,
            0.4410152733325958,
            0.4386051893234253,
            0.4335109293460846,
            0.43062639236450195,
            0.42863979935646057,
            0.424918532371521,
            0.42546042799949646
      ],
      "precision": [
            0.08640879392623901,
            0.10579099506139755,
            0.1109592393040657,
            0.11262255162000656,
            0.11388112604618073,
            0.11495982110500336,
            0.11624446511268616,
            0.11600543558597565,
            0.11552080512046814,
            0.11583990603685379,
            0.1163623109459877,
            0.1172865480184555,
            0.11745206266641617,
            0.12009258568286896,
            0.11811991035938263
      ],
      "recall": [
            0.7523003220558167,
            0.7855477929115295,
            0.7867746353149414,
            0.7892283201217651,
            0.7952398657798767,
            0.7968347668647766,
            0.7954851984977722,
            0.8067721724510193,
            0.8084897398948669,
            0.8127837181091309,
            0.8216170072555542,
            0.821739673614502,
            0.8259109258651733,
            0.8275058269500732,
            0.8256655335426331
      ],
      "val_AUC": [
            0.8791517615318298,
            0.8800089359283447,
            0.8806979060173035,
            0.881648600101471,
            0.8825523853302002,
            0.8838539719581604,
            0.882210910320282,
            0.8836344480514526,
            0.8846255540847778,
            0.8855289220809937,
            0.8863773941993713,
            0.8876675963401794,
            0.8869513869285583,
            0.8869771361351013,
            0.8889175057411194
      ],
      "val_accuracy": [
            0.7808455228805542,
            0.8268942832946777,
            0.8112845420837402,
            0.8117398619651794,
            0.8306666612625122,
            0.8140487670898438,
            0.7856910824775696,
            0.8055934906005859,
            0.8250731825828552,
            0.807252049446106,
            0.8143414855003357,
            0.7746016383171082,
            0.8060812950134277,
            0.8164877891540527,
            0.8179837465286255
      ],
      "val_f1": [
            0.027645036578178406,
            0.027645036578178406,
            0.027645036578178406,
            0.027645036578178406,
            0.027645036578178406,
            0.027645036578178406,
            0.027645036578178406,
            0.027645036578178406,
            0.027645036578178406,
            0.027645036578178406,
            0.027645036578178406,
            0.027645036578178406,
            0.027645036578178406,
            0.027645036578178406,
            0.027645036578178406
      ],
      "val_loss": [
            0.4701867401599884,
            0.3945925831794739,
            0.4144149422645569,
            0.41199129819869995,
            0.3607325255870819,
            0.38108089566230774,
            0.41748958826065063,
            0.3844223916530609,
            0.3698255121707916,
            0.38803938031196594,
            0.3789375424385071,
            0.4156874418258667,
            0.38265231251716614,
            0.3710950016975403,
            0.36739516258239746
      ],
      "val_precision": [
            0.05160648375749588,
            0.06070402264595032,
            0.05822368338704109,
            0.057628799229860306,
            0.062477096915245056,
            0.05875479802489281,
            0.05207272619009018,
            0.0563109889626503,
            0.06072443351149559,
            0.05677419528365135,
            0.058252427726984024,
            0.050980933010578156,
            0.05673076957464218,
            0.05949966236948967,
            0.05966586992144585
      ],
      "val_recall": [
            0.8422273993492126,
            0.7842227220535278,
            0.8213456869125366,
            0.8097447752952576,
            0.7911832928657532,
            0.8167053461074829,
            0.8306264281272888,
            0.8167053461074829,
            0.79350346326828,
            0.8167053461074829,
            0.8074246048927307,
            0.8561484813690186,
            0.8213456869125366,
            0.8167053461074829,
            0.8120649456977844
      ]
}