{
      "AUC": [
            0.8470470309257507,
            0.8612586259841919,
            0.8656782507896423,
            0.8687922954559326,
            0.8725114464759827,
            0.8742442727088928,
            0.8757002949714661,
            0.878089964389801,
            0.8785815834999084,
            0.8785869479179382,
            0.8798319101333618,
            0.8804082274436951,
            0.8813232183456421,
            0.8839202523231506
      ],
      "accuracy": [
            0.767954409122467,
            0.7874505519866943,
            0.7885602712631226,
            0.7893833518028259,
            0.793523371219635,
            0.7912998199462891,
            0.7940762042999268,
            0.7956281900405884,
            0.7899812459945679,
            0.7873768210411072,
            0.7886258363723755,
            0.7903580069541931,
            0.7921515703201294,
            0.7863695025444031
      ],
      "f1": [
            0.06459997594356537,
            0.06459997594356537,
            0.06459997594356537,
            0.06459997594356537,
            0.06459997594356537,
            0.06459997594356537,
            0.06459997594356537,
            0.06459997594356537,
            0.06459997594356537,
            0.06459997594356537,
            0.06459997594356537,
            0.06459997594356537,
            0.06459997594356537,
            0.06459997594356537
      ],
      "loss": [
            0.4881964921951294,
            0.46663203835487366,
            0.45953428745269775,
            0.45423051714897156,
            0.44842958450317383,
            0.44626110792160034,
            0.4429485499858856,
            0.4393240511417389,
            0.4384790360927582,
            0.4383150637149811,
            0.4361250400543213,
            0.43497955799102783,
            0.43346095085144043,
            0.42848971486091614
      ],
      "precision": [
            0.10395272076129913,
            0.11309776455163956,
            0.11421828716993332,
            0.11538051068782806,
            0.11797560006380081,
            0.11743155121803284,
            0.11885809153318405,
            0.11962323635816574,
            0.11735798418521881,
            0.11625052243471146,
            0.11626674979925156,
            0.11816053092479706,
            0.11937178671360016,
            0.11715488135814667
      ],
      "recall": [
            0.7811311483383179,
            0.7845662832260132,
            0.7897190451622009,
            0.7964667081832886,
            0.8007606267929077,
            0.8061587810516357,
            0.8060360550880432,
            0.8055453300476074,
            0.811556875705719,
            0.8133971095085144,
            0.8078763484954834,
            0.81707763671875,
            0.8196540474891663,
            0.8262789845466614
      ],
      "val_AUC": [
            0.8760988712310791,
            0.8774269819259644,
            0.8807358145713806,
            0.8817191123962402,
            0.888116717338562,
            0.8880566358566284,
            0.8865023851394653,
            0.8883782625198364,
            0.887270987033844,
            0.886425793170929,
            0.8881005048751831,
            0.8886743187904358,
            0.8884246349334717,
            0.8882837891578674
      ],
      "val_accuracy": [
            0.8112520575523376,
            0.7912845611572266,
            0.777886152267456,
            0.8420487642288208,
            0.8173983693122864,
            0.8144065141677856,
            0.8164877891540527,
            0.8103089332580566,
            0.792682945728302,
            0.8010731935501099,
            0.823902428150177,
            0.8300162553787231,
            0.7865365743637085,
            0.8078374266624451
      ],
      "val_f1": [
            0.027645036578178406,
            0.027645036578178406,
            0.027645036578178406,
            0.027645036578178406,
            0.027645036578178406,
            0.027645036578178406,
            0.027645036578178406,
            0.027645036578178406,
            0.027645036578178406,
            0.027645036578178406,
            0.027645036578178406,
            0.027645036578178406,
            0.027645036578178406,
            0.027645036578178406
      ],
      "val_loss": [
            0.43350836634635925,
            0.45622044801712036,
            0.4139423370361328,
            0.3392532765865326,
            0.43882110714912415,
            0.44259628653526306,
            0.3816283643245697,
            0.39900627732276917,
            0.4325379431247711,
            0.42075684666633606,
            0.34914425015449524,
            0.36045995354652405,
            0.4327758252620697,
            0.38932374119758606
      ],
      "val_precision": [
            0.05646359547972679,
            0.05274166911840439,
            0.050947368144989014,
            0.0648839920759201,
            0.06037991866469383,
            0.05871528759598732,
            0.05920162424445152,
            0.05735824257135391,
            0.05442278832197189,
            0.05508607253432274,
            0.06033874303102493,
            0.06256840378046036,
            0.05227040499448776,
            0.057225994765758514
      ],
      "val_recall": [
            0.79350346326828,
            0.8190255165100098,
            0.8422273993492126,
            0.7656612396240234,
            0.8259860873222351,
            0.814385175704956,
            0.8120649456977844,
            0.8120649456977844,
            0.8422273993492126,
            0.8167053461074829,
            0.79350346326828,
            0.7958236932754517,
            0.8306264281272888,
            0.8213456869125366
      ]
}