{
      "AUC": [
            0.8164897561073303,
            0.8574888706207275,
            0.8693090677261353,
            0.8759530782699585,
            0.8818064332008362,
            0.8867512345314026,
            0.8914183378219604,
            0.8926600217819214,
            0.8958999514579773,
            0.8971838355064392,
            0.8999708890914917,
            0.900649905204773,
            0.901901125907898,
            0.903211236000061,
            0.9054339528083801,
            0.9062301516532898,
            0.9077736139297485,
            0.9081906676292419,
            0.9099031090736389,
            0.9101811647415161,
            0.9112139940261841,
            0.9113259315490723,
            0.9118604063987732,
            0.9132989645004272,
            0.9132241010665894,
            0.9146047234535217,
            0.9153850674629211,
            0.9160269498825073,
            0.9171735048294067,
            0.918745219707489,
            0.9183905720710754,
            0.9181872606277466,
            0.9188804626464844,
            0.9191418290138245,
            0.919069230556488,
            0.9199836850166321
      ],
      "accuracy": [
            0.7348993420600891,
            0.7862200736999512,
            0.7951083779335022,
            0.7967625856399536,
            0.8038918375968933,
            0.8063973188400269,
            0.8093870282173157,
            0.8123524785041809,
            0.8125945329666138,
            0.8149064183235168,
            0.8168793320655823,
            0.8179646730422974,
            0.8203047513961792,
            0.820365309715271,
            0.8236252665519714,
            0.8216281533241272,
            0.8237987756729126,
            0.8220840692520142,
            0.8226690888404846,
            0.8241578936576843,
            0.8264051675796509,
            0.8255861401557922,
            0.8265020251274109,
            0.8290478587150574,
            0.825965404510498,
            0.8291890621185303,
            0.8299838900566101,
            0.8298225402832031,
            0.8292859196662903,
            0.8305084109306335,
            0.8290640115737915,
            0.8312023878097534,
            0.8240045309066772,
            0.8281158804893494,
            0.8313274383544922,
            0.8282126784324646
      ],
      "f1": [
            0.09090522676706314,
            0.09090522676706314,
            0.09090522676706314,
            0.09090522676706314,
            0.09090522676706314,
            0.09090522676706314,
            0.09090522676706314,
            0.09090522676706314,
            0.09090522676706314,
            0.09090522676706314,
            0.09090522676706314,
            0.09090522676706314,
            0.09090522676706314,
            0.09090522676706314,
            0.09090522676706314,
            0.09090522676706314,
            0.09090522676706314,
            0.09090522676706314,
            0.09090522676706314,
            0.09090522676706314,
            0.09090522676706314,
            0.09090522676706314,
            0.09090522676706314,
            0.09090522676706314,
            0.09090522676706314,
            0.09090522676706314,
            0.09090522676706314,
            0.09090522676706314,
            0.09090522676706314,
            0.09090522676706314,
            0.09090522676706314,
            0.09090522676706314,
            0.09090522676706314,
            0.09090522676706314,
            0.09090522676706314,
            0.09090522676706314
      ],
      "loss": [
            0.5328406691551208,
            0.4727308750152588,
            0.45386970043182373,
            0.44230079650878906,
            0.4326760470867157,
            0.4237251281738281,
            0.4155929982662201,
            0.4132789969444275,
            0.4070182740688324,
            0.4049450755119324,
            0.39939844608306885,
            0.3987952470779419,
            0.39597970247268677,
            0.3932894766330719,
            0.3888085186481476,
            0.3874340057373047,
            0.3839954733848572,
            0.3835042715072632,
            0.37974491715431213,
            0.37954819202423096,
            0.3771759867668152,
            0.37684687972068787,
            0.375654011964798,
            0.372887521982193,
            0.3732444643974304,
            0.36987078189849854,
            0.3686637282371521,
            0.3666180670261383,
            0.36438366770744324,
            0.3613971173763275,
            0.36162930727005005,
            0.36199843883514404,
            0.3605859577655792,
            0.3602639436721802,
            0.3601447641849518,
            0.35772642493247986
      ],
      "precision": [
            0.12395356595516205,
            0.15432263910770416,
            0.16218043863773346,
            0.16488558053970337,
            0.1701204627752304,
            0.17262905836105347,
            0.17621049284934998,
            0.1781083643436432,
            0.1787363439798355,
            0.18122965097427368,
            0.18346497416496277,
            0.18455536663532257,
            0.18634064495563507,
            0.1865023821592331,
            0.1893990933895111,
            0.18900659680366516,
            0.1906425952911377,
            0.189118430018425,
            0.19025781750679016,
            0.19109271466732025,
            0.1932447850704193,
            0.1928737610578537,
            0.19375735521316528,
            0.19572791457176208,
            0.193612739443779,
            0.19677047431468964,
            0.19749516248703003,
            0.19795167446136475,
            0.19735746085643768,
            0.19906751811504364,
            0.19800415635108948,
            0.1996319741010666,
            0.19371233880519867,
            0.19758856296539307,
            0.19977986812591553,
            0.19743207097053528
      ],
      "recall": [
            0.7527537941932678,
            0.7789357900619507,
            0.7928317189216614,
            0.8040162920951843,
            0.8041009902954102,
            0.8083375692367554,
            0.8171496391296387,
            0.813590943813324,
            0.8166412711143494,
            0.8207083344459534,
            0.8246907591819763,
            0.8257922530174255,
            0.82392817735672,
            0.8246907591819763,
            0.8244365453720093,
            0.8344348669052124,
            0.8320623636245728,
            0.8323165774345398,
            0.8366378545761108,
            0.8329097032546997,
            0.8333333134651184,
            0.8361294865608215,
            0.836298942565918,
            0.8330791592597961,
            0.838840901851654,
            0.8394339680671692,
            0.8390950560569763,
            0.8434163928031921,
            0.8429079651832581,
            0.8465514183044434,
            0.8490086197853088,
            0.8457041382789612,
            0.8525673747062683,
            0.8525673747062683,
            0.8458735942840576,
            0.8507879972457886
      ],